{
  "fio version" : "fio-3.36",
  "timestamp" : 1759364311,
  "timestamp_ms" : 1759364311945,
  "time" : "Wed Oct  1 20:18:31 2025",
  "jobs" : [
    {
      "jobname" : "rr_hot",
      "groupid" : 0,
      "job_start" : 1759364281931,
      "error" : 0,
      "eta" : 0,
      "elapsed" : 36,
      "job options" : {
        "name" : "rr_hot",
        "rw" : "randread",
        "bs" : "4k",
        "filename" : "/mnt/ssdtest/fio_testfile",
        "ioengine" : "io_uring",
        "direct" : "1",
        "time_based" : "1",
        "ramp_time" : "5",
        "runtime" : "30",
        "iodepth" : "32",
        "numjobs" : "1",
        "group_reporting" : "1",
        "thread" : "1",
        "percentile_list" : "50:95:99:99.9",
        "size" : "2G"
      },
      "read" : {
        "io_bytes" : 16230825984,
        "io_kbytes" : 15850416,
        "bw_bytes" : 541009499,
        "bw" : 528329,
        "iops" : 132081.363955,
        "runtime" : 30001,
        "total_ios" : 3962573,
        "short_ios" : 0,
        "drop_ios" : 0,
        "slat_ns" : {
          "min" : 690,
          "max" : 429398,
          "mean" : 1118.656673,
          "stddev" : 961.776570,
          "N" : 3962573
        },
        "clat_ns" : {
          "min" : 22862,
          "max" : 1958129,
          "mean" : 240966.543032,
          "stddev" : 153026.331967,
          "N" : 3962604,
          "percentile" : {
            "50.000000" : 197632,
            "95.000000" : 552960,
            "99.000000" : 741376,
            "99.900000" : 954368
          }
        },
        "lat_ns" : {
          "min" : 54266,
          "max" : 1959012,
          "mean" : 242085.197938,
          "stddev" : 153020.381256,
          "N" : 3962604
        },
        "bw_min" : 524768,
        "bw_max" : 531440,
        "bw_agg" : 100.000000,
        "bw_mean" : 528563.116667,
        "bw_dev" : 1418.912511,
        "bw_samples" : 60,
        "iops_min" : 131192,
        "iops_max" : 132860,
        "iops_mean" : 132140.683333,
        "iops_stddev" : 354.767887,
        "iops_samples" : 60
      },
      "write" : {
        "io_bytes" : 0,
        "io_kbytes" : 0,
        "bw_bytes" : 0,
        "bw" : 0,
        "iops" : 0.000000,
        "runtime" : 0,
        "total_ios" : 0,
        "short_ios" : 0,
        "drop_ios" : 0,
        "slat_ns" : {
          "min" : 0,
          "max" : 0,
          "mean" : 0.000000,
          "stddev" : 0.000000,
          "N" : 0
        },
        "clat_ns" : {
          "min" : 0,
          "max" : 0,
          "mean" : 0.000000,
          "stddev" : 0.000000,
          "N" : 0
        },
        "lat_ns" : {
          "min" : 0,
          "max" : 0,
          "mean" : 0.000000,
          "stddev" : 0.000000,
          "N" : 0
        },
        "bw_min" : 0,
        "bw_max" : 0,
        "bw_agg" : 0.000000,
        "bw_mean" : 0.000000,
        "bw_dev" : 0.000000,
        "bw_samples" : 0,
        "iops_min" : 0,
        "iops_max" : 0,
        "iops_mean" : 0.000000,
        "iops_stddev" : 0.000000,
        "iops_samples" : 0
      },
      "trim" : {
        "io_bytes" : 0,
        "io_kbytes" : 0,
        "bw_bytes" : 0,
        "bw" : 0,
        "iops" : 0.000000,
        "runtime" : 0,
        "total_ios" : 0,
        "short_ios" : 0,
        "drop_ios" : 0,
        "slat_ns" : {
          "min" : 0,
          "max" : 0,
          "mean" : 0.000000,
          "stddev" : 0.000000,
          "N" : 0
        },
        "clat_ns" : {
          "min" : 0,
          "max" : 0,
          "mean" : 0.000000,
          "stddev" : 0.000000,
          "N" : 0
        },
        "lat_ns" : {
          "min" : 0,
          "max" : 0,
          "mean" : 0.000000,
          "stddev" : 0.000000,
          "N" : 0
        },
        "bw_min" : 0,
        "bw_max" : 0,
        "bw_agg" : 0.000000,
        "bw_mean" : 0.000000,
        "bw_dev" : 0.000000,
        "bw_samples" : 0,
        "iops_min" : 0,
        "iops_max" : 0,
        "iops_mean" : 0.000000,
        "iops_stddev" : 0.000000,
        "iops_samples" : 0
      },
      "sync" : {
        "total_ios" : 0,
        "lat_ns" : {
          "min" : 0,
          "max" : 0,
          "mean" : 0.000000,
          "stddev" : 0.000000,
          "N" : 0
        }
      },
      "job_runtime" : 30000,
      "usr_cpu" : 6.433333,
      "sys_cpu" : 23.433333,
      "ctx" : 2398366,
      "majf" : 0,
      "minf" : 0,
      "iodepth_level" : {
        "1" : 0.000000,
        "2" : 0.000000,
        "4" : 0.000000,
        "8" : 0.000000,
        "16" : 0.000000,
        "32" : 100.000000,
        ">=64" : 0.000000
      },
      "iodepth_submit" : {
        "0" : 0.000000,
        "4" : 100.000000,
        "8" : 0.000000,
        "16" : 0.000000,
        "32" : 0.000000,
        "64" : 0.000000,
        ">=64" : 0.000000
      },
      "iodepth_complete" : {
        "0" : 0.000000,
        "4" : 99.999975,
        "8" : 0.000000,
        "16" : 0.000000,
        "32" : 0.100000,
        "64" : 0.000000,
        ">=64" : 0.000000
      },
      "latency_ns" : {
        "2" : 0.000000,
        "4" : 0.000000,
        "10" : 0.000000,
        "20" : 0.000000,
        "50" : 0.000000,
        "100" : 0.000000,
        "250" : 0.000000,
        "500" : 0.000000,
        "750" : 0.000000,
        "1000" : 0.000000
      },
      "latency_us" : {
        "2" : 0.000000,
        "4" : 0.000000,
        "10" : 0.000000,
        "20" : 0.000000,
        "50" : 0.010000,
        "100" : 15.501796,
        "250" : 47.334421,
        "500" : 29.887172,
        "750" : 6.358444,
        "1000" : 0.866836
      },
      "latency_ms" : {
        "2" : 0.051885,
        "4" : 0.000000,
        "10" : 0.000000,
        "20" : 0.000000,
        "50" : 0.000000,
        "100" : 0.000000,
        "250" : 0.000000,
        "500" : 0.000000,
        "750" : 0.000000,
        "1000" : 0.000000,
        "2000" : 0.000000,
        ">=2000" : 0.000000
      },
      "latency_depth" : 32,
      "latency_target" : 0,
      "latency_percentile" : 100.000000,
      "latency_window" : 0
    }
  ],
  "disk_util" : [
    {
      "name" : "nvme1n1",
      "read_ios" : 4622177,
      "write_ios" : 0,
      "read_sectors" : 36977416,
      "write_sectors" : 0,
      "read_merges" : 0,
      "write_merges" : 0,
      "read_ticks" : 1106283,
      "write_ticks" : 0,
      "in_queue" : 1106282,
      "util" : 81.438833
    }
  ]
}
