{
  "fio version" : "fio-3.36",
  "timestamp" : 1759364382,
  "timestamp_ms" : 1759364382500,
  "time" : "Wed Oct  1 20:19:42 2025",
  "jobs" : [
    {
      "jobname" : "rw_burst",
      "groupid" : 0,
      "job_start" : 1759364352483,
      "error" : 0,
      "eta" : 0,
      "elapsed" : 36,
      "job options" : {
        "name" : "rw_burst",
        "rw" : "randwrite",
        "bs" : "4k",
        "filename" : "/mnt/ssdtest/fio_testfile",
        "ioengine" : "io_uring",
        "direct" : "1",
        "time_based" : "1",
        "ramp_time" : "5",
        "runtime" : "30",
        "iodepth" : "32",
        "numjobs" : "1",
        "group_reporting" : "1",
        "thread" : "1",
        "percentile_list" : "50:95:99:99.9",
        "size" : "64G"
      },
      "read" : {
        "io_bytes" : 0,
        "io_kbytes" : 0,
        "bw_bytes" : 0,
        "bw" : 0,
        "iops" : 0.000000,
        "runtime" : 0,
        "total_ios" : 0,
        "short_ios" : 0,
        "drop_ios" : 0,
        "slat_ns" : {
          "min" : 0,
          "max" : 0,
          "mean" : 0.000000,
          "stddev" : 0.000000,
          "N" : 0
        },
        "clat_ns" : {
          "min" : 0,
          "max" : 0,
          "mean" : 0.000000,
          "stddev" : 0.000000,
          "N" : 0
        },
        "lat_ns" : {
          "min" : 0,
          "max" : 0,
          "mean" : 0.000000,
          "stddev" : 0.000000,
          "N" : 0
        },
        "bw_min" : 0,
        "bw_max" : 0,
        "bw_agg" : 0.000000,
        "bw_mean" : 0.000000,
        "bw_dev" : 0.000000,
        "bw_samples" : 0,
        "iops_min" : 0,
        "iops_max" : 0,
        "iops_mean" : 0.000000,
        "iops_stddev" : 0.000000,
        "iops_samples" : 0
      },
      "write" : {
        "io_bytes" : 16622317568,
        "io_kbytes" : 16232732,
        "bw_bytes" : 554058783,
        "bw" : 541073,
        "iops" : 135267.224426,
        "runtime" : 30001,
        "total_ios" : 4058152,
        "short_ios" : 0,
        "drop_ios" : 0,
        "slat_ns" : {
          "min" : 793,
          "max" : 1294373,
          "mean" : 2587.420716,
          "stddev" : 3575.959039,
          "N" : 4058152
        },
        "clat_ns" : {
          "min" : 7733,
          "max" : 27434679,
          "mean" : 233618.572473,
          "stddev" : 273566.377248,
          "N" : 4058183,
          "percentile" : {
            "50.000000" : 134144,
            "95.000000" : 724992,
            "99.000000" : 1073152,
            "99.900000" : 1662976
          }
        },
        "lat_ns" : {
          "min" : 12194,
          "max" : 27436762,
          "mean" : 236205.982238,
          "stddev" : 273409.776716,
          "N" : 4058183
        },
        "bw_min" : 383576,
        "bw_max" : 1339640,
        "bw_agg" : 100.000000,
        "bw_mean" : 541306.616667,
        "bw_dev" : 316168.795177,
        "bw_samples" : 60,
        "iops_min" : 95894,
        "iops_max" : 334910,
        "iops_mean" : 135326.550000,
        "iops_stddev" : 79042.210988,
        "iops_samples" : 60
      },
      "trim" : {
        "io_bytes" : 0,
        "io_kbytes" : 0,
        "bw_bytes" : 0,
        "bw" : 0,
        "iops" : 0.000000,
        "runtime" : 0,
        "total_ios" : 0,
        "short_ios" : 0,
        "drop_ios" : 0,
        "slat_ns" : {
          "min" : 0,
          "max" : 0,
          "mean" : 0.000000,
          "stddev" : 0.000000,
          "N" : 0
        },
        "clat_ns" : {
          "min" : 0,
          "max" : 0,
          "mean" : 0.000000,
          "stddev" : 0.000000,
          "N" : 0
        },
        "lat_ns" : {
          "min" : 0,
          "max" : 0,
          "mean" : 0.000000,
          "stddev" : 0.000000,
          "N" : 0
        },
        "bw_min" : 0,
        "bw_max" : 0,
        "bw_agg" : 0.000000,
        "bw_mean" : 0.000000,
        "bw_dev" : 0.000000,
        "bw_samples" : 0,
        "iops_min" : 0,
        "iops_max" : 0,
        "iops_mean" : 0.000000,
        "iops_stddev" : 0.000000,
        "iops_samples" : 0
      },
      "sync" : {
        "total_ios" : 0,
        "lat_ns" : {
          "min" : 0,
          "max" : 0,
          "mean" : 0.000000,
          "stddev" : 0.000000,
          "N" : 0
        }
      },
      "job_runtime" : 30000,
      "usr_cpu" : 5.570000,
      "sys_cpu" : 30.123333,
      "ctx" : 3458658,
      "majf" : 0,
      "minf" : 0,
      "iodepth_level" : {
        "1" : 0.000000,
        "2" : 0.000000,
        "4" : 0.000000,
        "8" : 0.000000,
        "16" : 0.000000,
        "32" : 100.000000,
        ">=64" : 0.000000
      },
      "iodepth_submit" : {
        "0" : 0.000000,
        "4" : 100.000000,
        "8" : 0.000000,
        "16" : 0.000000,
        "32" : 0.000000,
        "64" : 0.000000,
        ">=64" : 0.000000
      },
      "iodepth_complete" : {
        "0" : 0.000000,
        "4" : 99.999975,
        "8" : 0.000000,
        "16" : 0.000000,
        "32" : 0.100000,
        "64" : 0.000000,
        ">=64" : 0.000000
      },
      "latency_ns" : {
        "2" : 0.000000,
        "4" : 0.000000,
        "10" : 0.000000,
        "20" : 0.000000,
        "50" : 0.000000,
        "100" : 0.000000,
        "250" : 0.000000,
        "500" : 0.000000,
        "750" : 0.000000,
        "1000" : 0.000000
      },
      "latency_us" : {
        "2" : 0.000000,
        "4" : 0.000000,
        "10" : 0.010000,
        "20" : 0.058401,
        "50" : 0.157658,
        "100" : 28.009621,
        "250" : 43.900376,
        "500" : 16.851932,
        "750" : 6.451163,
        "1000" : 3.064646
      },
      "latency_ms" : {
        "2" : 1.462020,
        "4" : 0.040388,
        "10" : 0.000000,
        "20" : 0.000000,
        "50" : 0.010000,
        "100" : 0.000000,
        "250" : 0.000000,
        "500" : 0.000000,
        "750" : 0.000000,
        "1000" : 0.000000,
        "2000" : 0.000000,
        ">=2000" : 0.000000
      },
      "latency_depth" : 32,
      "latency_target" : 0,
      "latency_percentile" : 100.000000,
      "latency_window" : 0
    }
  ],
  "disk_util" : [
    {
      "name" : "nvme1n1",
      "read_ios" : 0,
      "write_ios" : 5541515,
      "read_sectors" : 0,
      "write_sectors" : 44332176,
      "read_merges" : 0,
      "write_merges" : 7,
      "read_ticks" : 0,
      "write_ticks" : 766463,
      "in_queue" : 766589,
      "util" : 89.027275
    }
  ]
}
