{
  "fio version" : "fio-3.36",
  "timestamp" : 1759364987,
  "timestamp_ms" : 1759364987779,
  "time" : "Wed Oct  1 20:29:47 2025",
  "jobs" : [
    {
      "jobname" : "rw_steady",
      "groupid" : 0,
      "job_start" : 1759364387762,
      "error" : 0,
      "eta" : 0,
      "elapsed" : 606,
      "job options" : {
        "name" : "rw_steady",
        "rw" : "randwrite",
        "bs" : "4k",
        "filename" : "/mnt/ssdtest/fio_testfile",
        "ioengine" : "io_uring",
        "direct" : "1",
        "time_based" : "1",
        "ramp_time" : "5",
        "runtime" : "600",
        "iodepth" : "32",
        "numjobs" : "1",
        "group_reporting" : "1",
        "thread" : "1",
        "percentile_list" : "50:95:99:99.9",
        "size" : "64G"
      },
      "read" : {
        "io_bytes" : 0,
        "io_kbytes" : 0,
        "bw_bytes" : 0,
        "bw" : 0,
        "iops" : 0.000000,
        "runtime" : 0,
        "total_ios" : 0,
        "short_ios" : 0,
        "drop_ios" : 0,
        "slat_ns" : {
          "min" : 0,
          "max" : 0,
          "mean" : 0.000000,
          "stddev" : 0.000000,
          "N" : 0
        },
        "clat_ns" : {
          "min" : 0,
          "max" : 0,
          "mean" : 0.000000,
          "stddev" : 0.000000,
          "N" : 0
        },
        "lat_ns" : {
          "min" : 0,
          "max" : 0,
          "mean" : 0.000000,
          "stddev" : 0.000000,
          "N" : 0
        },
        "bw_min" : 0,
        "bw_max" : 0,
        "bw_agg" : 0.000000,
        "bw_mean" : 0.000000,
        "bw_dev" : 0.000000,
        "bw_samples" : 0,
        "iops_min" : 0,
        "iops_max" : 0,
        "iops_mean" : 0.000000,
        "iops_stddev" : 0.000000,
        "iops_samples" : 0
      },
      "write" : {
        "io_bytes" : 277087903744,
        "io_kbytes" : 270593656,
        "bw_bytes" : 461812403,
        "bw" : 450988,
        "iops" : 112747.117088,
        "runtime" : 600001,
        "total_ios" : 67648383,
        "short_ios" : 0,
        "drop_ios" : 0,
        "slat_ns" : {
          "min" : 766,
          "max" : 28107236,
          "mean" : 2240.740848,
          "stddev" : 11251.677054,
          "N" : 67648383
        },
        "clat_ns" : {
          "min" : 2974,
          "max" : 37574422,
          "mean" : 281236.817154,
          "stddev" : 305535.090316,
          "N" : 67648414,
          "percentile" : {
            "50.000000" : 187392,
            "95.000000" : 765952,
            "99.000000" : 1073152,
            "99.900000" : 1712128
          }
        },
        "lat_ns" : {
          "min" : 11794,
          "max" : 39285800,
          "mean" : 283477.558060,
          "stddev" : 305892.418590,
          "N" : 67648414
        },
        "bw_min" : 348256,
        "bw_max" : 1342864,
        "bw_agg" : 100.000000,
        "bw_mean" : 451175.464554,
        "bw_dev" : 170404.181989,
        "bw_samples" : 1199,
        "iops_min" : 87064,
        "iops_max" : 335716,
        "iops_mean" : 112793.815680,
        "iops_stddev" : 42601.033319,
        "iops_samples" : 1199
      },
      "trim" : {
        "io_bytes" : 0,
        "io_kbytes" : 0,
        "bw_bytes" : 0,
        "bw" : 0,
        "iops" : 0.000000,
        "runtime" : 0,
        "total_ios" : 0,
        "short_ios" : 0,
        "drop_ios" : 0,
        "slat_ns" : {
          "min" : 0,
          "max" : 0,
          "mean" : 0.000000,
          "stddev" : 0.000000,
          "N" : 0
        },
        "clat_ns" : {
          "min" : 0,
          "max" : 0,
          "mean" : 0.000000,
          "stddev" : 0.000000,
          "N" : 0
        },
        "lat_ns" : {
          "min" : 0,
          "max" : 0,
          "mean" : 0.000000,
          "stddev" : 0.000000,
          "N" : 0
        },
        "bw_min" : 0,
        "bw_max" : 0,
        "bw_agg" : 0.000000,
        "bw_mean" : 0.000000,
        "bw_dev" : 0.000000,
        "bw_samples" : 0,
        "iops_min" : 0,
        "iops_max" : 0,
        "iops_mean" : 0.000000,
        "iops_stddev" : 0.000000,
        "iops_samples" : 0
      },
      "sync" : {
        "total_ios" : 0,
        "lat_ns" : {
          "min" : 0,
          "max" : 0,
          "mean" : 0.000000,
          "stddev" : 0.000000,
          "N" : 0
        }
      },
      "job_runtime" : 600000,
      "usr_cpu" : 5.159000,
      "sys_cpu" : 23.551167,
      "ctx" : 58580680,
      "majf" : 0,
      "minf" : 0,
      "iodepth_level" : {
        "1" : 0.000000,
        "2" : 0.000000,
        "4" : 0.000000,
        "8" : 0.000000,
        "16" : 0.000000,
        "32" : 100.000000,
        ">=64" : 0.000000
      },
      "iodepth_submit" : {
        "0" : 0.000000,
        "4" : 100.000000,
        "8" : 0.000000,
        "16" : 0.000000,
        "32" : 0.000000,
        "64" : 0.000000,
        ">=64" : 0.000000
      },
      "iodepth_complete" : {
        "0" : 0.000000,
        "4" : 99.999999,
        "8" : 0.000000,
        "16" : 0.000000,
        "32" : 0.100000,
        "64" : 0.000000,
        ">=64" : 0.000000
      },
      "latency_ns" : {
        "2" : 0.000000,
        "4" : 0.000000,
        "10" : 0.000000,
        "20" : 0.000000,
        "50" : 0.000000,
        "100" : 0.000000,
        "250" : 0.000000,
        "500" : 0.000000,
        "750" : 0.000000,
        "1000" : 0.000000
      },
      "latency_us" : {
        "2" : 0.000000,
        "4" : 0.010000,
        "10" : 0.010000,
        "20" : 0.095837,
        "50" : 0.186726,
        "100" : 11.265517,
        "250" : 49.595604,
        "500" : 24.453519,
        "750" : 9.030461,
        "1000" : 3.840683
      },
      "latency_ms" : {
        "2" : 1.466071,
        "4" : 0.056548,
        "10" : 0.010000,
        "20" : 0.010000,
        "50" : 0.010000,
        "100" : 0.000000,
        "250" : 0.000000,
        "500" : 0.000000,
        "750" : 0.000000,
        "1000" : 0.000000,
        "2000" : 0.000000,
        ">=2000" : 0.000000
      },
      "latency_depth" : 32,
      "latency_target" : 0,
      "latency_percentile" : 100.000000,
      "latency_window" : 0
    }
  ],
  "disk_util" : [
    {
      "name" : "nvme1n1",
      "read_ios" : 0,
      "write_ios" : 68529496,
      "read_sectors" : 0,
      "write_sectors" : 548917264,
      "read_merges" : 0,
      "write_merges" : 85162,
      "read_ticks" : 0,
      "write_ticks" : 17237866,
      "in_queue" : 17240659,
      "util" : 90.930184
    }
  ]
}
