{
  "fio version" : "fio-3.36",
  "timestamp" : 1759364276,
  "timestamp_ms" : 1759364276671,
  "time" : "Wed Oct  1 20:17:56 2025",
  "jobs" : [
    {
      "jobname" : "smoke",
      "groupid" : 0,
      "job_start" : 1759364274651,
      "error" : 0,
      "eta" : 0,
      "elapsed" : 3,
      "job options" : {
        "name" : "smoke",
        "rw" : "read",
        "bs" : "4k",
        "filename" : "/mnt/ssdtest/fio_testfile",
        "ioengine" : "io_uring",
        "direct" : "1",
        "time_based" : "1",
        "runtime" : "2",
        "ramp_time" : "0",
        "iodepth" : "1",
        "numjobs" : "1",
        "group_reporting" : "1",
        "thread" : "1",
        "size" : "2G"
      },
      "read" : {
        "io_bytes" : 619286528,
        "io_kbytes" : 604772,
        "bw_bytes" : 309643264,
        "bw" : 302386,
        "iops" : 75596.500000,
        "runtime" : 2000,
        "total_ios" : 151193,
        "short_ios" : 0,
        "drop_ios" : 0,
        "slat_ns" : {
          "min" : 753,
          "max" : 112307,
          "mean" : 1133.016092,
          "stddev" : 821.478753,
          "N" : 151193
        },
        "clat_ns" : {
          "min" : 54,
          "max" : 6421345,
          "mean" : 11928.934746,
          "stddev" : 16979.773705,
          "N" : 151193,
          "percentile" : {
            "1.000000" : 9664,
            "5.000000" : 9792,
            "10.000000" : 9920,
            "20.000000" : 10048,
            "30.000000" : 10176,
            "40.000000" : 10304,
            "50.000000" : 10560,
            "60.000000" : 11712,
            "70.000000" : 12864,
            "80.000000" : 13376,
            "90.000000" : 13760,
            "95.000000" : 14144,
            "99.000000" : 29056,
            "99.500000" : 29568,
            "99.900000" : 72192,
            "99.950000" : 86528,
            "99.990000" : 128512
          }
        },
        "lat_ns" : {
          "min" : 9790,
          "max" : 6446323,
          "mean" : 13061.950838,
          "stddev" : 17100.782793,
          "N" : 151193
        },
        "bw_min" : 285600,
        "bw_max" : 309064,
        "bw_agg" : 99.364389,
        "bw_mean" : 300464.000000,
        "bw_dev" : 12925.482428,
        "bw_samples" : 3,
        "iops_min" : 71400,
        "iops_max" : 77266,
        "iops_mean" : 75116.000000,
        "iops_stddev" : 3231.370607,
        "iops_samples" : 3
      },
      "write" : {
        "io_bytes" : 0,
        "io_kbytes" : 0,
        "bw_bytes" : 0,
        "bw" : 0,
        "iops" : 0.000000,
        "runtime" : 0,
        "total_ios" : 0,
        "short_ios" : 0,
        "drop_ios" : 0,
        "slat_ns" : {
          "min" : 0,
          "max" : 0,
          "mean" : 0.000000,
          "stddev" : 0.000000,
          "N" : 0
        },
        "clat_ns" : {
          "min" : 0,
          "max" : 0,
          "mean" : 0.000000,
          "stddev" : 0.000000,
          "N" : 0
        },
        "lat_ns" : {
          "min" : 0,
          "max" : 0,
          "mean" : 0.000000,
          "stddev" : 0.000000,
          "N" : 0
        },
        "bw_min" : 0,
        "bw_max" : 0,
        "bw_agg" : 0.000000,
        "bw_mean" : 0.000000,
        "bw_dev" : 0.000000,
        "bw_samples" : 0,
        "iops_min" : 0,
        "iops_max" : 0,
        "iops_mean" : 0.000000,
        "iops_stddev" : 0.000000,
        "iops_samples" : 0
      },
      "trim" : {
        "io_bytes" : 0,
        "io_kbytes" : 0,
        "bw_bytes" : 0,
        "bw" : 0,
        "iops" : 0.000000,
        "runtime" : 0,
        "total_ios" : 0,
        "short_ios" : 0,
        "drop_ios" : 0,
        "slat_ns" : {
          "min" : 0,
          "max" : 0,
          "mean" : 0.000000,
          "stddev" : 0.000000,
          "N" : 0
        },
        "clat_ns" : {
          "min" : 0,
          "max" : 0,
          "mean" : 0.000000,
          "stddev" : 0.000000,
          "N" : 0
        },
        "lat_ns" : {
          "min" : 0,
          "max" : 0,
          "mean" : 0.000000,
          "stddev" : 0.000000,
          "N" : 0
        },
        "bw_min" : 0,
        "bw_max" : 0,
        "bw_agg" : 0.000000,
        "bw_mean" : 0.000000,
        "bw_dev" : 0.000000,
        "bw_samples" : 0,
        "iops_min" : 0,
        "iops_max" : 0,
        "iops_mean" : 0.000000,
        "iops_stddev" : 0.000000,
        "iops_samples" : 0
      },
      "sync" : {
        "total_ios" : 0,
        "lat_ns" : {
          "min" : 0,
          "max" : 0,
          "mean" : 0.000000,
          "stddev" : 0.000000,
          "N" : 0
        }
      },
      "job_runtime" : 2000,
      "usr_cpu" : 4.200000,
      "sys_cpu" : 17.050000,
      "ctx" : 151206,
      "majf" : 0,
      "minf" : 1,
      "iodepth_level" : {
        "1" : 100.000000,
        "2" : 0.000000,
        "4" : 0.000000,
        "8" : 0.000000,
        "16" : 0.000000,
        "32" : 0.000000,
        ">=64" : 0.000000
      },
      "iodepth_submit" : {
        "0" : 0.000000,
        "4" : 100.000000,
        "8" : 0.000000,
        "16" : 0.000000,
        "32" : 0.000000,
        "64" : 0.000000,
        ">=64" : 0.000000
      },
      "iodepth_complete" : {
        "0" : 0.000000,
        "4" : 100.000000,
        "8" : 0.000000,
        "16" : 0.000000,
        "32" : 0.000000,
        "64" : 0.000000,
        ">=64" : 0.000000
      },
      "latency_ns" : {
        "2" : 0.000000,
        "4" : 0.000000,
        "10" : 0.000000,
        "20" : 0.000000,
        "50" : 0.000000,
        "100" : 0.010000,
        "250" : 0.000000,
        "500" : 0.010000,
        "750" : 0.000000,
        "1000" : 0.000000
      },
      "latency_us" : {
        "2" : 0.010000,
        "4" : 0.010000,
        "10" : 18.350717,
        "20" : 79.163056,
        "50" : 2.369157,
        "100" : 0.090613,
        "250" : 0.021826,
        "500" : 0.000000,
        "750" : 0.000000,
        "1000" : 0.000000
      },
      "latency_ms" : {
        "2" : 0.000000,
        "4" : 0.000000,
        "10" : 0.010000,
        "20" : 0.000000,
        "50" : 0.000000,
        "100" : 0.000000,
        "250" : 0.000000,
        "500" : 0.000000,
        "750" : 0.000000,
        "1000" : 0.000000,
        "2000" : 0.000000,
        ">=2000" : 0.000000
      },
      "latency_depth" : 1,
      "latency_target" : 0,
      "latency_percentile" : 100.000000,
      "latency_window" : 0
    }
  ],
  "disk_util" : [
    {
      "name" : "nvme1n1",
      "read_ios" : 142820,
      "write_ios" : 0,
      "read_sectors" : 1142560,
      "write_sectors" : 0,
      "read_merges" : 0,
      "write_merges" : 0,
      "read_ticks" : 1578,
      "write_ticks" : 0,
      "in_queue" : 1579,
      "util" : 76.154618
    }
  ]
}
