{
  "fio version" : "fio-3.36",
  "timestamp" : 1759360852,
  "timestamp_ms" : 1759360852815,
  "time" : "Wed Oct  1 19:20:52 2025",
  "jobs" : [
    {
      "jobname" : "qd4",
      "groupid" : 0,
      "job_start" : 1759360822798,
      "error" : 0,
      "eta" : 0,
      "elapsed" : 36,
      "job options" : {
        "name" : "qd4",
        "rw" : "randread",
        "bs" : "4k",
        "filename" : "/mnt/ssdtest/fio_testfile",
        "ioengine" : "io_uring",
        "direct" : "1",
        "time_based" : "1",
        "ramp_time" : "5",
        "runtime" : "30",
        "group_reporting" : "1",
        "numjobs" : "1",
        "iodepth" : "4",
        "thread" : "1",
        "percentile_list" : "50:95:99:99.9",
        "offset_align" : "4k",
        "size" : "64G"
      },
      "read" : {
        "io_bytes" : 5191589888,
        "io_kbytes" : 5069912,
        "bw_bytes" : 173047228,
        "bw" : 168991,
        "iops" : 42247.758408,
        "runtime" : 30001,
        "total_ios" : 1267475,
        "short_ios" : 0,
        "drop_ios" : 0,
        "slat_ns" : {
          "min" : 731,
          "max" : 137795,
          "mean" : 1479.129568,
          "stddev" : 1126.981283,
          "N" : 1267475
        },
        "clat_ns" : {
          "min" : 14638,
          "max" : 873526,
          "mean" : 92921.738987,
          "stddev" : 26308.189354,
          "N" : 1267478,
          "percentile" : {
            "50.000000" : 85504,
            "95.000000" : 148480,
            "99.000000" : 185344,
            "99.900000" : 234496
          }
        },
        "lat_ns" : {
          "min" : 53896,
          "max" : 874387,
          "mean" : 94400.867172,
          "stddev" : 26355.603593,
          "N" : 1267478
        },
        "bw_min" : 163872,
        "bw_max" : 172328,
        "bw_agg" : 100.000000,
        "bw_mean" : 169055.383333,
        "bw_dev" : 2075.525574,
        "bw_samples" : 60,
        "iops_min" : 40968,
        "iops_max" : 43082,
        "iops_mean" : 42263.800000,
        "iops_stddev" : 518.879556,
        "iops_samples" : 60
      },
      "write" : {
        "io_bytes" : 0,
        "io_kbytes" : 0,
        "bw_bytes" : 0,
        "bw" : 0,
        "iops" : 0.000000,
        "runtime" : 0,
        "total_ios" : 0,
        "short_ios" : 0,
        "drop_ios" : 0,
        "slat_ns" : {
          "min" : 0,
          "max" : 0,
          "mean" : 0.000000,
          "stddev" : 0.000000,
          "N" : 0
        },
        "clat_ns" : {
          "min" : 0,
          "max" : 0,
          "mean" : 0.000000,
          "stddev" : 0.000000,
          "N" : 0
        },
        "lat_ns" : {
          "min" : 0,
          "max" : 0,
          "mean" : 0.000000,
          "stddev" : 0.000000,
          "N" : 0
        },
        "bw_min" : 0,
        "bw_max" : 0,
        "bw_agg" : 0.000000,
        "bw_mean" : 0.000000,
        "bw_dev" : 0.000000,
        "bw_samples" : 0,
        "iops_min" : 0,
        "iops_max" : 0,
        "iops_mean" : 0.000000,
        "iops_stddev" : 0.000000,
        "iops_samples" : 0
      },
      "trim" : {
        "io_bytes" : 0,
        "io_kbytes" : 0,
        "bw_bytes" : 0,
        "bw" : 0,
        "iops" : 0.000000,
        "runtime" : 0,
        "total_ios" : 0,
        "short_ios" : 0,
        "drop_ios" : 0,
        "slat_ns" : {
          "min" : 0,
          "max" : 0,
          "mean" : 0.000000,
          "stddev" : 0.000000,
          "N" : 0
        },
        "clat_ns" : {
          "min" : 0,
          "max" : 0,
          "mean" : 0.000000,
          "stddev" : 0.000000,
          "N" : 0
        },
        "lat_ns" : {
          "min" : 0,
          "max" : 0,
          "mean" : 0.000000,
          "stddev" : 0.000000,
          "N" : 0
        },
        "bw_min" : 0,
        "bw_max" : 0,
        "bw_agg" : 0.000000,
        "bw_mean" : 0.000000,
        "bw_dev" : 0.000000,
        "bw_samples" : 0,
        "iops_min" : 0,
        "iops_max" : 0,
        "iops_mean" : 0.000000,
        "iops_stddev" : 0.000000,
        "iops_samples" : 0
      },
      "sync" : {
        "total_ios" : 0,
        "lat_ns" : {
          "min" : 0,
          "max" : 0,
          "mean" : 0.000000,
          "stddev" : 0.000000,
          "N" : 0
        }
      },
      "job_runtime" : 30000,
      "usr_cpu" : 3.016667,
      "sys_cpu" : 10.706667,
      "ctx" : 1080730,
      "majf" : 0,
      "minf" : 0,
      "iodepth_level" : {
        "1" : 0.000000,
        "2" : 0.000000,
        "4" : 100.000000,
        "8" : 0.000000,
        "16" : 0.000000,
        "32" : 0.000000,
        ">=64" : 0.000000
      },
      "iodepth_submit" : {
        "0" : 0.000000,
        "4" : 100.000000,
        "8" : 0.000000,
        "16" : 0.000000,
        "32" : 0.000000,
        "64" : 0.000000,
        ">=64" : 0.000000
      },
      "iodepth_complete" : {
        "0" : 0.000000,
        "4" : 100.000000,
        "8" : 0.000000,
        "16" : 0.000000,
        "32" : 0.000000,
        "64" : 0.000000,
        ">=64" : 0.000000
      },
      "latency_ns" : {
        "2" : 0.000000,
        "4" : 0.000000,
        "10" : 0.000000,
        "20" : 0.000000,
        "50" : 0.000000,
        "100" : 0.000000,
        "250" : 0.000000,
        "500" : 0.000000,
        "750" : 0.000000,
        "1000" : 0.000000
      },
      "latency_us" : {
        "2" : 0.000000,
        "4" : 0.000000,
        "10" : 0.000000,
        "20" : 0.010000,
        "50" : 0.010000,
        "100" : 74.852680,
        "250" : 25.101560,
        "500" : 0.044340,
        "750" : 0.010000,
        "1000" : 0.010000
      },
      "latency_ms" : {
        "2" : 0.000000,
        "4" : 0.000000,
        "10" : 0.000000,
        "20" : 0.000000,
        "50" : 0.000000,
        "100" : 0.000000,
        "250" : 0.000000,
        "500" : 0.000000,
        "750" : 0.000000,
        "1000" : 0.000000,
        "2000" : 0.000000,
        ">=2000" : 0.000000
      },
      "latency_depth" : 4,
      "latency_target" : 0,
      "latency_percentile" : 100.000000,
      "latency_window" : 0
    }
  ],
  "disk_util" : [
    {
      "name" : "nvme1n1",
      "read_ios" : 1478046,
      "write_ios" : 0,
      "read_sectors" : 11824368,
      "write_sectors" : 0,
      "read_merges" : 0,
      "write_merges" : 0,
      "read_ticks" : 135386,
      "write_ticks" : 0,
      "in_queue" : 135387,
      "util" : 88.269494
    }
  ]
}
