{
  "fio version" : "fio-3.36",
  "timestamp" : 1759361417,
  "timestamp_ms" : 1759361417276,
  "time" : "Wed Oct  1 19:30:17 2025",
  "jobs" : [
    {
      "jobname" : "qd4",
      "groupid" : 0,
      "job_start" : 1759361387259,
      "error" : 0,
      "eta" : 0,
      "elapsed" : 36,
      "job options" : {
        "name" : "qd4",
        "rw" : "randread",
        "bs" : "4k",
        "filename" : "/mnt/ssdtest/fio_testfile",
        "ioengine" : "io_uring",
        "direct" : "1",
        "time_based" : "1",
        "ramp_time" : "5",
        "runtime" : "30",
        "group_reporting" : "1",
        "numjobs" : "1",
        "iodepth" : "4",
        "thread" : "1",
        "percentile_list" : "50:95:99:99.9",
        "offset_align" : "4k",
        "size" : "64G"
      },
      "read" : {
        "io_bytes" : 5186207744,
        "io_kbytes" : 5064656,
        "bw_bytes" : 172867829,
        "bw" : 168816,
        "iops" : 42203.959868,
        "runtime" : 30001,
        "total_ios" : 1266161,
        "short_ios" : 0,
        "drop_ios" : 0,
        "slat_ns" : {
          "min" : 719,
          "max" : 245573,
          "mean" : 1515.231659,
          "stddev" : 1173.358424,
          "N" : 1266161
        },
        "clat_ns" : {
          "min" : 3355,
          "max" : 2090164,
          "mean" : 92979.342848,
          "stddev" : 26521.175429,
          "N" : 1266164,
          "percentile" : {
            "50.000000" : 85504,
            "95.000000" : 148480,
            "99.000000" : 185344,
            "99.900000" : 234496
          }
        },
        "lat_ns" : {
          "min" : 53934,
          "max" : 2091039,
          "mean" : 94494.574474,
          "stddev" : 26567.594324,
          "N" : 1266164
        },
        "bw_min" : 164816,
        "bw_max" : 172200,
        "bw_agg" : 100.000000,
        "bw_mean" : 168848.728814,
        "bw_dev" : 1761.706185,
        "bw_samples" : 59,
        "iops_min" : 41204,
        "iops_max" : 43050,
        "iops_mean" : 42212.135593,
        "iops_stddev" : 440.425361,
        "iops_samples" : 59
      },
      "write" : {
        "io_bytes" : 0,
        "io_kbytes" : 0,
        "bw_bytes" : 0,
        "bw" : 0,
        "iops" : 0.000000,
        "runtime" : 0,
        "total_ios" : 0,
        "short_ios" : 0,
        "drop_ios" : 0,
        "slat_ns" : {
          "min" : 0,
          "max" : 0,
          "mean" : 0.000000,
          "stddev" : 0.000000,
          "N" : 0
        },
        "clat_ns" : {
          "min" : 0,
          "max" : 0,
          "mean" : 0.000000,
          "stddev" : 0.000000,
          "N" : 0
        },
        "lat_ns" : {
          "min" : 0,
          "max" : 0,
          "mean" : 0.000000,
          "stddev" : 0.000000,
          "N" : 0
        },
        "bw_min" : 0,
        "bw_max" : 0,
        "bw_agg" : 0.000000,
        "bw_mean" : 0.000000,
        "bw_dev" : 0.000000,
        "bw_samples" : 0,
        "iops_min" : 0,
        "iops_max" : 0,
        "iops_mean" : 0.000000,
        "iops_stddev" : 0.000000,
        "iops_samples" : 0
      },
      "trim" : {
        "io_bytes" : 0,
        "io_kbytes" : 0,
        "bw_bytes" : 0,
        "bw" : 0,
        "iops" : 0.000000,
        "runtime" : 0,
        "total_ios" : 0,
        "short_ios" : 0,
        "drop_ios" : 0,
        "slat_ns" : {
          "min" : 0,
          "max" : 0,
          "mean" : 0.000000,
          "stddev" : 0.000000,
          "N" : 0
        },
        "clat_ns" : {
          "min" : 0,
          "max" : 0,
          "mean" : 0.000000,
          "stddev" : 0.000000,
          "N" : 0
        },
        "lat_ns" : {
          "min" : 0,
          "max" : 0,
          "mean" : 0.000000,
          "stddev" : 0.000000,
          "N" : 0
        },
        "bw_min" : 0,
        "bw_max" : 0,
        "bw_agg" : 0.000000,
        "bw_mean" : 0.000000,
        "bw_dev" : 0.000000,
        "bw_samples" : 0,
        "iops_min" : 0,
        "iops_max" : 0,
        "iops_mean" : 0.000000,
        "iops_stddev" : 0.000000,
        "iops_samples" : 0
      },
      "sync" : {
        "total_ios" : 0,
        "lat_ns" : {
          "min" : 0,
          "max" : 0,
          "mean" : 0.000000,
          "stddev" : 0.000000,
          "N" : 0
        }
      },
      "job_runtime" : 30000,
      "usr_cpu" : 2.990000,
      "sys_cpu" : 10.980000,
      "ctx" : 1076331,
      "majf" : 0,
      "minf" : 0,
      "iodepth_level" : {
        "1" : 0.000000,
        "2" : 0.000000,
        "4" : 100.000000,
        "8" : 0.000000,
        "16" : 0.000000,
        "32" : 0.000000,
        ">=64" : 0.000000
      },
      "iodepth_submit" : {
        "0" : 0.000000,
        "4" : 100.000000,
        "8" : 0.000000,
        "16" : 0.000000,
        "32" : 0.000000,
        "64" : 0.000000,
        ">=64" : 0.000000
      },
      "iodepth_complete" : {
        "0" : 0.000000,
        "4" : 100.000000,
        "8" : 0.000000,
        "16" : 0.000000,
        "32" : 0.000000,
        "64" : 0.000000,
        ">=64" : 0.000000
      },
      "latency_ns" : {
        "2" : 0.000000,
        "4" : 0.000000,
        "10" : 0.000000,
        "20" : 0.000000,
        "50" : 0.000000,
        "100" : 0.000000,
        "250" : 0.000000,
        "500" : 0.000000,
        "750" : 0.000000,
        "1000" : 0.000000
      },
      "latency_us" : {
        "2" : 0.000000,
        "4" : 0.010000,
        "10" : 0.010000,
        "20" : 0.010000,
        "50" : 0.010000,
        "100" : 74.801388,
        "250" : 25.156832,
        "500" : 0.040042,
        "750" : 0.010000,
        "1000" : 0.010000
      },
      "latency_ms" : {
        "2" : 0.000000,
        "4" : 0.010000,
        "10" : 0.000000,
        "20" : 0.000000,
        "50" : 0.000000,
        "100" : 0.000000,
        "250" : 0.000000,
        "500" : 0.000000,
        "750" : 0.000000,
        "1000" : 0.000000,
        "2000" : 0.000000,
        ">=2000" : 0.000000
      },
      "latency_depth" : 4,
      "latency_target" : 0,
      "latency_percentile" : 100.000000,
      "latency_window" : 0
    }
  ],
  "disk_util" : [
    {
      "name" : "nvme1n1",
      "read_ios" : 1466522,
      "write_ios" : 0,
      "read_sectors" : 11732176,
      "write_sectors" : 0,
      "read_merges" : 0,
      "write_merges" : 0,
      "read_ticks" : 134332,
      "write_ticks" : 0,
      "in_queue" : 134332,
      "util" : 88.165222
    }
  ]
}
