{
  "fio version" : "fio-3.36",
  "timestamp" : 1759358769,
  "timestamp_ms" : 1759358769298,
  "time" : "Wed Oct  1 18:46:09 2025",
  "jobs" : [
    {
      "jobname" : "mix_R50W50",
      "groupid" : 0,
      "job_start" : 1759358739279,
      "error" : 0,
      "eta" : 0,
      "elapsed" : 36,
      "job options" : {
        "name" : "mix_R50W50",
        "rw" : "randrw",
        "bs" : "4k",
        "filename" : "/mnt/ssdtest/fio_testfile",
        "ioengine" : "io_uring",
        "direct" : "1",
        "time_based" : "1",
        "ramp_time" : "5",
        "runtime" : "30",
        "group_reporting" : "1",
        "numjobs" : "1",
        "iodepth" : "32",
        "thread" : "1",
        "percentile_list" : "50:95:99:99.9",
        "rwmixread" : "50",
        "size" : "64G"
      },
      "read" : {
        "io_bytes" : 5811105792,
        "io_kbytes" : 5674908,
        "bw_bytes" : 193690613,
        "bw" : 189150,
        "iops" : 47286.714219,
        "runtime" : 30002,
        "total_ios" : 1418696,
        "short_ios" : 0,
        "drop_ios" : 0,
        "slat_ns" : {
          "min" : 768,
          "max" : 870437,
          "mean" : 1784.032731,
          "stddev" : 2707.976600,
          "N" : 1418696
        },
        "clat_ns" : {
          "min" : 6180,
          "max" : 7856787,
          "mean" : 654726.850433,
          "stddev" : 689454.300813,
          "N" : 1418727,
          "percentile" : {
            "50.000000" : 313344,
            "95.000000" : 1859584,
            "99.000000" : 2605056,
            "99.900000" : 4489216
          }
        },
        "lat_ns" : {
          "min" : 45673,
          "max" : 7857779,
          "mean" : 656510.880628,
          "stddev" : 689426.936049,
          "N" : 1418727
        },
        "bw_min" : 178888,
        "bw_max" : 213760,
        "bw_agg" : 100.000000,
        "bw_mean" : 189209.950000,
        "bw_dev" : 7679.793591,
        "bw_samples" : 60,
        "iops_min" : 44722,
        "iops_max" : 53440,
        "iops_mean" : 47302.500000,
        "iops_stddev" : 1920.030725,
        "iops_samples" : 60
      },
      "write" : {
        "io_bytes" : 5805256704,
        "io_kbytes" : 5669196,
        "bw_bytes" : 193495657,
        "bw" : 188960,
        "iops" : 47240.150657,
        "runtime" : 30002,
        "total_ios" : 1417299,
        "short_ios" : 0,
        "drop_ios" : 0,
        "slat_ns" : {
          "min" : 860,
          "max" : 1293237,
          "mean" : 2114.918199,
          "stddev" : 3326.163133,
          "N" : 1417299
        },
        "clat_ns" : {
          "min" : 33,
          "max" : 5697766,
          "mean" : 17394.673655,
          "stddev" : 38712.905345,
          "N" : 1417299,
          "percentile" : {
            "50.000000" : 12736,
            "95.000000" : 36608,
            "99.000000" : 82432,
            "99.900000" : 191488
          }
        },
        "lat_ns" : {
          "min" : 11329,
          "max" : 5699971,
          "mean" : 19509.591853,
          "stddev" : 39097.272771,
          "N" : 1417299
        },
        "bw_min" : 175744,
        "bw_max" : 212704,
        "bw_agg" : 100.000000,
        "bw_mean" : 189023.383333,
        "bw_dev" : 7618.911865,
        "bw_samples" : 60,
        "iops_min" : 43936,
        "iops_max" : 53176,
        "iops_mean" : 47255.783333,
        "iops_stddev" : 1904.726183,
        "iops_samples" : 60
      },
      "trim" : {
        "io_bytes" : 0,
        "io_kbytes" : 0,
        "bw_bytes" : 0,
        "bw" : 0,
        "iops" : 0.000000,
        "runtime" : 0,
        "total_ios" : 0,
        "short_ios" : 0,
        "drop_ios" : 0,
        "slat_ns" : {
          "min" : 0,
          "max" : 0,
          "mean" : 0.000000,
          "stddev" : 0.000000,
          "N" : 0
        },
        "clat_ns" : {
          "min" : 0,
          "max" : 0,
          "mean" : 0.000000,
          "stddev" : 0.000000,
          "N" : 0
        },
        "lat_ns" : {
          "min" : 0,
          "max" : 0,
          "mean" : 0.000000,
          "stddev" : 0.000000,
          "N" : 0
        },
        "bw_min" : 0,
        "bw_max" : 0,
        "bw_agg" : 0.000000,
        "bw_mean" : 0.000000,
        "bw_dev" : 0.000000,
        "bw_samples" : 0,
        "iops_min" : 0,
        "iops_max" : 0,
        "iops_mean" : 0.000000,
        "iops_stddev" : 0.000000,
        "iops_samples" : 0
      },
      "sync" : {
        "total_ios" : 0,
        "lat_ns" : {
          "min" : 0,
          "max" : 0,
          "mean" : 0.000000,
          "stddev" : 0.000000,
          "N" : 0
        }
      },
      "job_runtime" : 30001,
      "usr_cpu" : 5.676477,
      "sys_cpu" : 21.905936,
      "ctx" : 1968708,
      "majf" : 0,
      "minf" : 0,
      "iodepth_level" : {
        "1" : 0.000000,
        "2" : 0.000000,
        "4" : 0.000000,
        "8" : 0.000000,
        "16" : 0.000000,
        "32" : 100.000000,
        ">=64" : 0.000000
      },
      "iodepth_submit" : {
        "0" : 0.000000,
        "4" : 100.000000,
        "8" : 0.000000,
        "16" : 0.000000,
        "32" : 0.000000,
        "64" : 0.000000,
        ">=64" : 0.000000
      },
      "iodepth_complete" : {
        "0" : 0.000000,
        "4" : 99.999965,
        "8" : 0.000000,
        "16" : 0.000000,
        "32" : 0.100000,
        "64" : 0.000000,
        ">=64" : 0.000000
      },
      "latency_ns" : {
        "2" : 0.000000,
        "4" : 0.000000,
        "10" : 0.000000,
        "20" : 0.000000,
        "50" : 0.010000,
        "100" : 0.000000,
        "250" : 0.000000,
        "500" : 0.010000,
        "750" : 0.000000,
        "1000" : 0.000000
      },
      "latency_us" : {
        "2" : 0.010000,
        "4" : 0.010000,
        "10" : 0.354091,
        "20" : 41.867563,
        "50" : 6.405441,
        "100" : 11.501043,
        "250" : 12.811729,
        "500" : 6.404384,
        "750" : 3.775112,
        "1000" : 2.701556
      },
      "latency_ms" : {
        "2" : 12.643146,
        "4" : 1.468162,
        "10" : 0.067172,
        "20" : 0.000000,
        "50" : 0.000000,
        "100" : 0.000000,
        "250" : 0.000000,
        "500" : 0.000000,
        "750" : 0.000000,
        "1000" : 0.000000,
        "2000" : 0.000000,
        ">=2000" : 0.000000
      },
      "latency_depth" : 32,
      "latency_target" : 0,
      "latency_percentile" : 100.000000,
      "latency_window" : 0
    }
  ],
  "disk_util" : [
    {
      "name" : "nvme1n1",
      "read_ios" : 1662125,
      "write_ios" : 1660900,
      "read_sectors" : 13297000,
      "write_sectors" : 13287256,
      "read_merges" : 0,
      "write_merges" : 7,
      "read_ticks" : 1073080,
      "write_ticks" : 18420,
      "in_queue" : 1091532,
      "util" : 81.514305
    }
  ]
}
