{
  "fio version" : "fio-3.36",
  "timestamp" : 1759358628,
  "timestamp_ms" : 1759358628195,
  "time" : "Wed Oct  1 18:43:48 2025",
  "jobs" : [
    {
      "jobname" : "mix_R50W50",
      "groupid" : 0,
      "job_start" : 1759358598177,
      "error" : 0,
      "eta" : 0,
      "elapsed" : 36,
      "job options" : {
        "name" : "mix_R50W50",
        "rw" : "randrw",
        "bs" : "4k",
        "filename" : "/mnt/ssdtest/fio_testfile",
        "ioengine" : "io_uring",
        "direct" : "1",
        "time_based" : "1",
        "ramp_time" : "5",
        "runtime" : "30",
        "group_reporting" : "1",
        "numjobs" : "1",
        "iodepth" : "32",
        "thread" : "1",
        "percentile_list" : "50:95:99:99.9",
        "rwmixread" : "50",
        "size" : "64G"
      },
      "read" : {
        "io_bytes" : 5762371584,
        "io_kbytes" : 5627316,
        "bw_bytes" : 192066248,
        "bw" : 187564,
        "iops" : 46890.407306,
        "runtime" : 30002,
        "total_ios" : 1406806,
        "short_ios" : 0,
        "drop_ios" : 0,
        "slat_ns" : {
          "min" : 745,
          "max" : 2039835,
          "mean" : 1930.843484,
          "stddev" : 4634.253188,
          "N" : 1406806
        },
        "clat_ns" : {
          "min" : 14928,
          "max" : 7709303,
          "mean" : 658518.896178,
          "stddev" : 681094.805587,
          "N" : 1406829,
          "percentile" : {
            "50.000000" : 329728,
            "95.000000" : 1859584,
            "99.000000" : 2506752,
            "99.900000" : 4489216
          }
        },
        "lat_ns" : {
          "min" : 45552,
          "max" : 7710624,
          "mean" : 660449.735020,
          "stddev" : 681076.000573,
          "N" : 1406829
        },
        "bw_min" : 179390,
        "bw_max" : 202928,
        "bw_agg" : 100.000000,
        "bw_mean" : 187623.500000,
        "bw_dev" : 4947.760560,
        "bw_samples" : 60,
        "iops_min" : 44847,
        "iops_max" : 50732,
        "iops_mean" : 46905.833333,
        "iops_stddev" : 1236.980374,
        "iops_samples" : 60
      },
      "write" : {
        "io_bytes" : 5755326464,
        "io_kbytes" : 5620436,
        "bw_bytes" : 191831426,
        "bw" : 187335,
        "iops" : 46833.577761,
        "runtime" : 30002,
        "total_ios" : 1405101,
        "short_ios" : 0,
        "drop_ios" : 0,
        "slat_ns" : {
          "min" : 867,
          "max" : 1452260,
          "mean" : 2299.648858,
          "stddev" : 4457.855916,
          "N" : 1405101
        },
        "clat_ns" : {
          "min" : 52,
          "max" : 4974670,
          "mean" : 18893.748905,
          "stddev" : 41092.343544,
          "N" : 1405109,
          "percentile" : {
            "50.000000" : 12992,
            "95.000000" : 42752,
            "99.000000" : 98816,
            "99.900000" : 301056
          }
        },
        "lat_ns" : {
          "min" : 10737,
          "max" : 4977832,
          "mean" : 21193.398119,
          "stddev" : 41733.300772,
          "N" : 1405109
        },
        "bw_min" : 179238,
        "bw_max" : 202144,
        "bw_agg" : 100.000000,
        "bw_mean" : 187398.383333,
        "bw_dev" : 4752.658486,
        "bw_samples" : 60,
        "iops_min" : 44809,
        "iops_max" : 50536,
        "iops_mean" : 46849.550000,
        "iops_stddev" : 1188.206602,
        "iops_samples" : 60
      },
      "trim" : {
        "io_bytes" : 0,
        "io_kbytes" : 0,
        "bw_bytes" : 0,
        "bw" : 0,
        "iops" : 0.000000,
        "runtime" : 0,
        "total_ios" : 0,
        "short_ios" : 0,
        "drop_ios" : 0,
        "slat_ns" : {
          "min" : 0,
          "max" : 0,
          "mean" : 0.000000,
          "stddev" : 0.000000,
          "N" : 0
        },
        "clat_ns" : {
          "min" : 0,
          "max" : 0,
          "mean" : 0.000000,
          "stddev" : 0.000000,
          "N" : 0
        },
        "lat_ns" : {
          "min" : 0,
          "max" : 0,
          "mean" : 0.000000,
          "stddev" : 0.000000,
          "N" : 0
        },
        "bw_min" : 0,
        "bw_max" : 0,
        "bw_agg" : 0.000000,
        "bw_mean" : 0.000000,
        "bw_dev" : 0.000000,
        "bw_samples" : 0,
        "iops_min" : 0,
        "iops_max" : 0,
        "iops_mean" : 0.000000,
        "iops_stddev" : 0.000000,
        "iops_samples" : 0
      },
      "sync" : {
        "total_ios" : 0,
        "lat_ns" : {
          "min" : 0,
          "max" : 0,
          "mean" : 0.000000,
          "stddev" : 0.000000,
          "N" : 0
        }
      },
      "job_runtime" : 30001,
      "usr_cpu" : 6.029799,
      "sys_cpu" : 23.009233,
      "ctx" : 1931152,
      "majf" : 0,
      "minf" : 0,
      "iodepth_level" : {
        "1" : 0.000000,
        "2" : 0.000000,
        "4" : 0.000000,
        "8" : 0.000000,
        "16" : 0.000000,
        "32" : 100.000000,
        ">=64" : 0.000000
      },
      "iodepth_submit" : {
        "0" : 0.000000,
        "4" : 100.000000,
        "8" : 0.000000,
        "16" : 0.000000,
        "32" : 0.000000,
        "64" : 0.000000,
        ">=64" : 0.000000
      },
      "iodepth_complete" : {
        "0" : 0.000000,
        "4" : 99.999964,
        "8" : 0.000000,
        "16" : 0.000000,
        "32" : 0.100000,
        "64" : 0.000000,
        ">=64" : 0.000000
      },
      "latency_ns" : {
        "2" : 0.000000,
        "4" : 0.000000,
        "10" : 0.000000,
        "20" : 0.000000,
        "50" : 0.000000,
        "100" : 0.010000,
        "250" : 0.000000,
        "500" : 0.010000,
        "750" : 0.000000,
        "1000" : 0.000000
      },
      "latency_us" : {
        "2" : 0.000000,
        "4" : 0.010000,
        "10" : 0.327500,
        "20" : 40.474454,
        "50" : 7.296970,
        "100" : 11.477869,
        "250" : 12.790288,
        "500" : 6.633932,
        "750" : 3.937755,
        "1000" : 2.811686
      },
      "latency_ms" : {
        "2" : 12.768523,
        "4" : 1.415338,
        "10" : 0.065756,
        "20" : 0.000000,
        "50" : 0.000000,
        "100" : 0.000000,
        "250" : 0.000000,
        "500" : 0.000000,
        "750" : 0.000000,
        "1000" : 0.000000,
        "2000" : 0.000000,
        ">=2000" : 0.000000
      },
      "latency_depth" : 32,
      "latency_target" : 0,
      "latency_percentile" : 100.000000,
      "latency_window" : 0
    }
  ],
  "disk_util" : [
    {
      "name" : "nvme1n1",
      "read_ios" : 1653307,
      "write_ios" : 1651872,
      "read_sectors" : 13226456,
      "write_sectors" : 13215032,
      "read_merges" : 0,
      "write_merges" : 7,
      "read_ticks" : 1066699,
      "write_ticks" : 18918,
      "in_queue" : 1085645,
      "util" : 81.613519
    }
  ]
}
