{
  "fio version" : "fio-3.36",
  "timestamp" : 1759358381,
  "timestamp_ms" : 1759358381259,
  "time" : "Wed Oct  1 18:39:41 2025",
  "jobs" : [
    {
      "jobname" : "mix_R100W0",
      "groupid" : 0,
      "job_start" : 1759358351242,
      "error" : 0,
      "eta" : 0,
      "elapsed" : 36,
      "job options" : {
        "name" : "mix_R100W0",
        "rw" : "randread",
        "bs" : "4k",
        "filename" : "/mnt/ssdtest/fio_testfile",
        "ioengine" : "io_uring",
        "direct" : "1",
        "time_based" : "1",
        "ramp_time" : "5",
        "runtime" : "30",
        "group_reporting" : "1",
        "numjobs" : "1",
        "iodepth" : "32",
        "thread" : "1",
        "percentile_list" : "50:95:99:99.9",
        "size" : "64G"
      },
      "read" : {
        "io_bytes" : 17227276288,
        "io_kbytes" : 16823512,
        "bw_bytes" : 574223402,
        "bw" : 560765,
        "iops" : 140190.226992,
        "runtime" : 30001,
        "total_ios" : 4205847,
        "short_ios" : 0,
        "drop_ios" : 0,
        "slat_ns" : {
          "min" : 397,
          "max" : 504027,
          "mean" : 1232.060469,
          "stddev" : 932.516190,
          "N" : 4205847
        },
        "clat_ns" : {
          "min" : 28,
          "max" : 1450543,
          "mean" : 226800.359937,
          "stddev" : 153185.046736,
          "N" : 4205878,
          "percentile" : {
            "50.000000" : 191488,
            "95.000000" : 528384,
            "99.000000" : 708608,
            "99.900000" : 921600
          }
        },
        "lat_ns" : {
          "min" : 439,
          "max" : 1451509,
          "mean" : 228032.432938,
          "stddev" : 153146.484441,
          "N" : 4205878
        },
        "bw_min" : 518888,
        "bw_max" : 574400,
        "bw_agg" : 100.000000,
        "bw_mean" : 561059.116667,
        "bw_dev" : 16918.001663,
        "bw_samples" : 60,
        "iops_min" : 129722,
        "iops_max" : 143600,
        "iops_mean" : 140264.633333,
        "iops_stddev" : 4229.572932,
        "iops_samples" : 60
      },
      "write" : {
        "io_bytes" : 0,
        "io_kbytes" : 0,
        "bw_bytes" : 0,
        "bw" : 0,
        "iops" : 0.000000,
        "runtime" : 0,
        "total_ios" : 0,
        "short_ios" : 0,
        "drop_ios" : 0,
        "slat_ns" : {
          "min" : 0,
          "max" : 0,
          "mean" : 0.000000,
          "stddev" : 0.000000,
          "N" : 0
        },
        "clat_ns" : {
          "min" : 0,
          "max" : 0,
          "mean" : 0.000000,
          "stddev" : 0.000000,
          "N" : 0
        },
        "lat_ns" : {
          "min" : 0,
          "max" : 0,
          "mean" : 0.000000,
          "stddev" : 0.000000,
          "N" : 0
        },
        "bw_min" : 0,
        "bw_max" : 0,
        "bw_agg" : 0.000000,
        "bw_mean" : 0.000000,
        "bw_dev" : 0.000000,
        "bw_samples" : 0,
        "iops_min" : 0,
        "iops_max" : 0,
        "iops_mean" : 0.000000,
        "iops_stddev" : 0.000000,
        "iops_samples" : 0
      },
      "trim" : {
        "io_bytes" : 0,
        "io_kbytes" : 0,
        "bw_bytes" : 0,
        "bw" : 0,
        "iops" : 0.000000,
        "runtime" : 0,
        "total_ios" : 0,
        "short_ios" : 0,
        "drop_ios" : 0,
        "slat_ns" : {
          "min" : 0,
          "max" : 0,
          "mean" : 0.000000,
          "stddev" : 0.000000,
          "N" : 0
        },
        "clat_ns" : {
          "min" : 0,
          "max" : 0,
          "mean" : 0.000000,
          "stddev" : 0.000000,
          "N" : 0
        },
        "lat_ns" : {
          "min" : 0,
          "max" : 0,
          "mean" : 0.000000,
          "stddev" : 0.000000,
          "N" : 0
        },
        "bw_min" : 0,
        "bw_max" : 0,
        "bw_agg" : 0.000000,
        "bw_mean" : 0.000000,
        "bw_dev" : 0.000000,
        "bw_samples" : 0,
        "iops_min" : 0,
        "iops_max" : 0,
        "iops_mean" : 0.000000,
        "iops_stddev" : 0.000000,
        "iops_samples" : 0
      },
      "sync" : {
        "total_ios" : 0,
        "lat_ns" : {
          "min" : 0,
          "max" : 0,
          "mean" : 0.000000,
          "stddev" : 0.000000,
          "N" : 0
        }
      },
      "job_runtime" : 30000,
      "usr_cpu" : 7.103333,
      "sys_cpu" : 25.850000,
      "ctx" : 2288132,
      "majf" : 0,
      "minf" : 0,
      "iodepth_level" : {
        "1" : 0.000000,
        "2" : 0.000000,
        "4" : 0.000000,
        "8" : 0.000000,
        "16" : 0.000000,
        "32" : 100.000000,
        ">=64" : 0.000000
      },
      "iodepth_submit" : {
        "0" : 0.000000,
        "4" : 100.000000,
        "8" : 0.000000,
        "16" : 0.000000,
        "32" : 0.000000,
        "64" : 0.000000,
        ">=64" : 0.000000
      },
      "iodepth_complete" : {
        "0" : 0.000000,
        "4" : 99.999976,
        "8" : 0.000000,
        "16" : 0.000000,
        "32" : 0.100000,
        "64" : 0.000000,
        ">=64" : 0.000000
      },
      "latency_ns" : {
        "2" : 0.000000,
        "4" : 0.000000,
        "10" : 0.000000,
        "20" : 0.000000,
        "50" : 4.612721,
        "100" : 0.128844,
        "250" : 0.105306,
        "500" : 0.010000,
        "750" : 0.015502,
        "1000" : 0.017737
      },
      "latency_us" : {
        "2" : 0.514736,
        "4" : 0.281965,
        "10" : 0.088306,
        "20" : 0.014004,
        "50" : 0.010000,
        "100" : 13.826228,
        "250" : 44.632246,
        "500" : 29.640284,
        "750" : 5.430226,
        "1000" : 0.651736
      },
      "latency_ms" : {
        "2" : 0.032027,
        "4" : 0.000000,
        "10" : 0.000000,
        "20" : 0.000000,
        "50" : 0.000000,
        "100" : 0.000000,
        "250" : 0.000000,
        "500" : 0.000000,
        "750" : 0.000000,
        "1000" : 0.000000,
        "2000" : 0.000000,
        ">=2000" : 0.000000
      },
      "latency_depth" : 32,
      "latency_target" : 0,
      "latency_percentile" : 100.000000,
      "latency_window" : 0
    }
  ],
  "disk_util" : [
    {
      "name" : "nvme1n1",
      "read_ios" : 4617986,
      "write_ios" : 2,
      "read_sectors" : 36943888,
      "write_sectors" : 24,
      "read_merges" : 0,
      "write_merges" : 1,
      "read_ticks" : 1104266,
      "write_ticks" : 4,
      "in_queue" : 1104270,
      "util" : 80.565532
    }
  ]
}
