{
  "fio version" : "fio-3.36",
  "timestamp" : 1759358451,
  "timestamp_ms" : 1759358451813,
  "time" : "Wed Oct  1 18:40:51 2025",
  "jobs" : [
    {
      "jobname" : "mix_R70W30",
      "groupid" : 0,
      "job_start" : 1759358421795,
      "error" : 0,
      "eta" : 0,
      "elapsed" : 36,
      "job options" : {
        "name" : "mix_R70W30",
        "rw" : "randrw",
        "bs" : "4k",
        "filename" : "/mnt/ssdtest/fio_testfile",
        "ioengine" : "io_uring",
        "direct" : "1",
        "time_based" : "1",
        "ramp_time" : "5",
        "runtime" : "30",
        "group_reporting" : "1",
        "numjobs" : "1",
        "iodepth" : "32",
        "thread" : "1",
        "percentile_list" : "50:95:99:99.9",
        "rwmixread" : "70",
        "size" : "64G"
      },
      "read" : {
        "io_bytes" : 8841224192,
        "io_kbytes" : 8634008,
        "bw_bytes" : 294687827,
        "bw" : 287781,
        "iops" : 71944.237051,
        "runtime" : 30002,
        "total_ios" : 2158471,
        "short_ios" : 0,
        "drop_ios" : 0,
        "slat_ns" : {
          "min" : 740,
          "max" : 1147351,
          "mean" : 1733.920751,
          "stddev" : 3014.242721,
          "N" : 2158471
        },
        "clat_ns" : {
          "min" : 9097,
          "max" : 24646004,
          "mean" : 433738.046433,
          "stddev" : 582375.446775,
          "N" : 2158502,
          "percentile" : {
            "50.000000" : 134144,
            "95.000000" : 1712128,
            "99.000000" : 1990656,
            "99.900000" : 3391488
          }
        },
        "lat_ns" : {
          "min" : 44712,
          "max" : 24648515,
          "mean" : 435472.001894,
          "stddev" : 582365.664750,
          "N" : 2158502
        },
        "bw_min" : 245248,
        "bw_max" : 312576,
        "bw_agg" : 100.000000,
        "bw_mean" : 287889.316667,
        "bw_dev" : 22059.554460,
        "bw_samples" : 60,
        "iops_min" : 61312,
        "iops_max" : 78144,
        "iops_mean" : 71972.283333,
        "iops_stddev" : 5514.846757,
        "iops_samples" : 60
      },
      "write" : {
        "io_bytes" : 3788505088,
        "io_kbytes" : 3699712,
        "bw_bytes" : 126275084,
        "bw" : 123315,
        "iops" : 30828.878075,
        "runtime" : 30002,
        "total_ios" : 924928,
        "short_ios" : 0,
        "drop_ios" : 0,
        "slat_ns" : {
          "min" : 844,
          "max" : 1187202,
          "mean" : 2120.635722,
          "stddev" : 3265.893118,
          "N" : 924928
        },
        "clat_ns" : {
          "min" : 37,
          "max" : 20762332,
          "mean" : 18530.490578,
          "stddev" : 69931.289267,
          "N" : 924928,
          "percentile" : {
            "50.000000" : 13120,
            "95.000000" : 41216,
            "99.000000" : 93696,
            "99.900000" : 218112
          }
        },
        "lat_ns" : {
          "min" : 11415,
          "max" : 20766895,
          "mean" : 20651.126300,
          "stddev" : 70172.347840,
          "N" : 924928
        },
        "bw_min" : 105643,
        "bw_max" : 134232,
        "bw_agg" : 100.000000,
        "bw_mean" : 123363.933333,
        "bw_dev" : 9315.989560,
        "bw_samples" : 60,
        "iops_min" : 26410,
        "iops_max" : 33558,
        "iops_mean" : 30840.933333,
        "iops_stddev" : 2329.022519,
        "iops_samples" : 60
      },
      "trim" : {
        "io_bytes" : 0,
        "io_kbytes" : 0,
        "bw_bytes" : 0,
        "bw" : 0,
        "iops" : 0.000000,
        "runtime" : 0,
        "total_ios" : 0,
        "short_ios" : 0,
        "drop_ios" : 0,
        "slat_ns" : {
          "min" : 0,
          "max" : 0,
          "mean" : 0.000000,
          "stddev" : 0.000000,
          "N" : 0
        },
        "clat_ns" : {
          "min" : 0,
          "max" : 0,
          "mean" : 0.000000,
          "stddev" : 0.000000,
          "N" : 0
        },
        "lat_ns" : {
          "min" : 0,
          "max" : 0,
          "mean" : 0.000000,
          "stddev" : 0.000000,
          "N" : 0
        },
        "bw_min" : 0,
        "bw_max" : 0,
        "bw_agg" : 0.000000,
        "bw_mean" : 0.000000,
        "bw_dev" : 0.000000,
        "bw_samples" : 0,
        "iops_min" : 0,
        "iops_max" : 0,
        "iops_mean" : 0.000000,
        "iops_stddev" : 0.000000,
        "iops_samples" : 0
      },
      "sync" : {
        "total_ios" : 0,
        "lat_ns" : {
          "min" : 0,
          "max" : 0,
          "mean" : 0.000000,
          "stddev" : 0.000000,
          "N" : 0
        }
      },
      "job_runtime" : 30001,
      "usr_cpu" : 6.043132,
      "sys_cpu" : 23.219226,
      "ctx" : 1815599,
      "majf" : 0,
      "minf" : 0,
      "iodepth_level" : {
        "1" : 0.000000,
        "2" : 0.000000,
        "4" : 0.000000,
        "8" : 0.000000,
        "16" : 0.000000,
        "32" : 100.000000,
        ">=64" : 0.000000
      },
      "iodepth_submit" : {
        "0" : 0.000000,
        "4" : 100.000000,
        "8" : 0.000000,
        "16" : 0.000000,
        "32" : 0.000000,
        "64" : 0.000000,
        ">=64" : 0.000000
      },
      "iodepth_complete" : {
        "0" : 0.000000,
        "4" : 99.999968,
        "8" : 0.000000,
        "16" : 0.000000,
        "32" : 0.100000,
        "64" : 0.000000,
        ">=64" : 0.000000
      },
      "latency_ns" : {
        "2" : 0.000000,
        "4" : 0.000000,
        "10" : 0.000000,
        "20" : 0.000000,
        "50" : 0.010000,
        "100" : 0.000000,
        "250" : 0.000000,
        "500" : 0.000000,
        "750" : 0.010000,
        "1000" : 0.000000
      },
      "latency_us" : {
        "2" : 0.010000,
        "4" : 0.010000,
        "10" : 0.109100,
        "20" : 24.717982,
        "50" : 4.707273,
        "100" : 26.172545,
        "250" : 19.871350,
        "500" : 6.992575,
        "750" : 3.107350,
        "1000" : 2.082702
      },
      "latency_ms" : {
        "2" : 11.567754,
        "4" : 0.632062,
        "10" : 0.038626,
        "20" : 0.010000,
        "50" : 0.010000,
        "100" : 0.000000,
        "250" : 0.000000,
        "500" : 0.000000,
        "750" : 0.000000,
        "1000" : 0.000000,
        "2000" : 0.000000,
        ">=2000" : 0.000000
      },
      "latency_depth" : 32,
      "latency_target" : 0,
      "latency_percentile" : 100.000000,
      "latency_window" : 0
    }
  ],
  "disk_util" : [
    {
      "name" : "nvme1n1",
      "read_ios" : 2531359,
      "write_ios" : 1085943,
      "read_sectors" : 20250872,
      "write_sectors" : 8716824,
      "read_merges" : 0,
      "write_merges" : 3660,
      "read_ticks" : 1076772,
      "write_ticks" : 20547,
      "in_queue" : 1097345,
      "util" : 81.811446
    }
  ]
}
