{
  "fio version" : "fio-3.36",
  "timestamp" : 1759358557,
  "timestamp_ms" : 1759358557636,
  "time" : "Wed Oct  1 18:42:37 2025",
  "jobs" : [
    {
      "jobname" : "mix_R0W100",
      "groupid" : 0,
      "job_start" : 1759358527624,
      "error" : 0,
      "eta" : 0,
      "elapsed" : 36,
      "job options" : {
        "name" : "mix_R0W100",
        "rw" : "randwrite",
        "bs" : "4k",
        "filename" : "/mnt/ssdtest/fio_testfile",
        "ioengine" : "io_uring",
        "direct" : "1",
        "time_based" : "1",
        "ramp_time" : "5",
        "runtime" : "30",
        "group_reporting" : "1",
        "numjobs" : "1",
        "iodepth" : "32",
        "thread" : "1",
        "percentile_list" : "50:95:99:99.9",
        "size" : "64G"
      },
      "read" : {
        "io_bytes" : 0,
        "io_kbytes" : 0,
        "bw_bytes" : 0,
        "bw" : 0,
        "iops" : 0.000000,
        "runtime" : 0,
        "total_ios" : 0,
        "short_ios" : 0,
        "drop_ios" : 0,
        "slat_ns" : {
          "min" : 0,
          "max" : 0,
          "mean" : 0.000000,
          "stddev" : 0.000000,
          "N" : 0
        },
        "clat_ns" : {
          "min" : 0,
          "max" : 0,
          "mean" : 0.000000,
          "stddev" : 0.000000,
          "N" : 0
        },
        "lat_ns" : {
          "min" : 0,
          "max" : 0,
          "mean" : 0.000000,
          "stddev" : 0.000000,
          "N" : 0
        },
        "bw_min" : 0,
        "bw_max" : 0,
        "bw_agg" : 0.000000,
        "bw_mean" : 0.000000,
        "bw_dev" : 0.000000,
        "bw_samples" : 0,
        "iops_min" : 0,
        "iops_max" : 0,
        "iops_mean" : 0.000000,
        "iops_stddev" : 0.000000,
        "iops_samples" : 0
      },
      "write" : {
        "io_bytes" : 18958274560,
        "io_kbytes" : 18513940,
        "bw_bytes" : 631921421,
        "bw" : 617110,
        "iops" : 154276.657445,
        "runtime" : 30001,
        "total_ios" : 4628454,
        "short_ios" : 0,
        "drop_ios" : 0,
        "slat_ns" : {
          "min" : 791,
          "max" : 2226246,
          "mean" : 2536.395922,
          "stddev" : 3030.436683,
          "N" : 4628454
        },
        "clat_ns" : {
          "min" : 7329,
          "max" : 28905106,
          "mean" : 204551.715861,
          "stddev" : 251940.514864,
          "N" : 4628485,
          "percentile" : {
            "50.000000" : 112128,
            "95.000000" : 659456,
            "99.000000" : 1073152,
            "99.900000" : 1531904
          }
        },
        "lat_ns" : {
          "min" : 12180,
          "max" : 28906982,
          "mean" : 207088.106125,
          "stddev" : 251743.210714,
          "N" : 4628485
        },
        "bw_min" : 386144,
        "bw_max" : 1319904,
        "bw_agg" : 100.000000,
        "bw_mean" : 617299.766667,
        "bw_dev" : 356655.224852,
        "bw_samples" : 60,
        "iops_min" : 96536,
        "iops_max" : 329976,
        "iops_mean" : 154324.866667,
        "iops_stddev" : 89163.819309,
        "iops_samples" : 60
      },
      "trim" : {
        "io_bytes" : 0,
        "io_kbytes" : 0,
        "bw_bytes" : 0,
        "bw" : 0,
        "iops" : 0.000000,
        "runtime" : 0,
        "total_ios" : 0,
        "short_ios" : 0,
        "drop_ios" : 0,
        "slat_ns" : {
          "min" : 0,
          "max" : 0,
          "mean" : 0.000000,
          "stddev" : 0.000000,
          "N" : 0
        },
        "clat_ns" : {
          "min" : 0,
          "max" : 0,
          "mean" : 0.000000,
          "stddev" : 0.000000,
          "N" : 0
        },
        "lat_ns" : {
          "min" : 0,
          "max" : 0,
          "mean" : 0.000000,
          "stddev" : 0.000000,
          "N" : 0
        },
        "bw_min" : 0,
        "bw_max" : 0,
        "bw_agg" : 0.000000,
        "bw_mean" : 0.000000,
        "bw_dev" : 0.000000,
        "bw_samples" : 0,
        "iops_min" : 0,
        "iops_max" : 0,
        "iops_mean" : 0.000000,
        "iops_stddev" : 0.000000,
        "iops_samples" : 0
      },
      "sync" : {
        "total_ios" : 0,
        "lat_ns" : {
          "min" : 0,
          "max" : 0,
          "mean" : 0.000000,
          "stddev" : 0.000000,
          "N" : 0
        }
      },
      "job_runtime" : 30000,
      "usr_cpu" : 5.883333,
      "sys_cpu" : 32.856667,
      "ctx" : 4010417,
      "majf" : 0,
      "minf" : 0,
      "iodepth_level" : {
        "1" : 0.000000,
        "2" : 0.000000,
        "4" : 0.000000,
        "8" : 0.000000,
        "16" : 0.000000,
        "32" : 100.000000,
        ">=64" : 0.000000
      },
      "iodepth_submit" : {
        "0" : 0.000000,
        "4" : 100.000000,
        "8" : 0.000000,
        "16" : 0.000000,
        "32" : 0.000000,
        "64" : 0.000000,
        ">=64" : 0.000000
      },
      "iodepth_complete" : {
        "0" : 0.000000,
        "4" : 99.999978,
        "8" : 0.000000,
        "16" : 0.000000,
        "32" : 0.100000,
        "64" : 0.000000,
        ">=64" : 0.000000
      },
      "latency_ns" : {
        "2" : 0.000000,
        "4" : 0.000000,
        "10" : 0.000000,
        "20" : 0.000000,
        "50" : 0.000000,
        "100" : 0.000000,
        "250" : 0.000000,
        "500" : 0.000000,
        "750" : 0.000000,
        "1000" : 0.000000
      },
      "latency_us" : {
        "2" : 0.000000,
        "4" : 0.000000,
        "10" : 0.010000,
        "20" : 0.045091,
        "50" : 0.126457,
        "100" : 35.216079,
        "250" : 43.319043,
        "500" : 12.697415,
        "750" : 4.934455,
        "1000" : 2.303274
      },
      "latency_ms" : {
        "2" : 1.319339,
        "4" : 0.034828,
        "10" : 0.010000,
        "20" : 0.010000,
        "50" : 0.010000,
        "100" : 0.000000,
        "250" : 0.000000,
        "500" : 0.000000,
        "750" : 0.000000,
        "1000" : 0.000000,
        "2000" : 0.000000,
        ">=2000" : 0.000000
      },
      "latency_depth" : 32,
      "latency_target" : 0,
      "latency_percentile" : 100.000000,
      "latency_window" : 0
    }
  ],
  "disk_util" : [
    {
      "name" : "nvme1n1",
      "read_ios" : 0,
      "write_ios" : 5549262,
      "read_sectors" : 0,
      "write_sectors" : 44394144,
      "read_merges" : 0,
      "write_merges" : 6,
      "read_ticks" : 0,
      "write_ticks" : 785733,
      "in_queue" : 785852,
      "util" : 88.694463
    }
  ]
}
