{
  "fio version" : "fio-3.36",
  "timestamp" : 1759358734,
  "timestamp_ms" : 1759358734021,
  "time" : "Wed Oct  1 18:45:34 2025",
  "jobs" : [
    {
      "jobname" : "mix_R70W30",
      "groupid" : 0,
      "job_start" : 1759358704008,
      "error" : 0,
      "eta" : 0,
      "elapsed" : 36,
      "job options" : {
        "name" : "mix_R70W30",
        "rw" : "randrw",
        "bs" : "4k",
        "filename" : "/mnt/ssdtest/fio_testfile",
        "ioengine" : "io_uring",
        "direct" : "1",
        "time_based" : "1",
        "ramp_time" : "5",
        "runtime" : "30",
        "group_reporting" : "1",
        "numjobs" : "1",
        "iodepth" : "32",
        "thread" : "1",
        "percentile_list" : "50:95:99:99.9",
        "rwmixread" : "70",
        "size" : "64G"
      },
      "read" : {
        "io_bytes" : 8074702848,
        "io_kbytes" : 7885452,
        "bw_bytes" : 269138819,
        "bw" : 262830,
        "iops" : 65706.719552,
        "runtime" : 30002,
        "total_ios" : 1971333,
        "short_ios" : 0,
        "drop_ios" : 0,
        "slat_ns" : {
          "min" : 733,
          "max" : 1097796,
          "mean" : 1617.569155,
          "stddev" : 1999.382765,
          "N" : 1971333
        },
        "clat_ns" : {
          "min" : 11700,
          "max" : 11282914,
          "mean" : 477376.835381,
          "stddev" : 581447.317683,
          "N" : 1971363,
          "percentile" : {
            "50.000000" : 181248,
            "95.000000" : 1744896,
            "99.000000" : 2056192,
            "99.900000" : 3489792
          }
        },
        "lat_ns" : {
          "min" : 44795,
          "max" : 11285510,
          "mean" : 478994.424119,
          "stddev" : 581431.595364,
          "N" : 1971363
        },
        "bw_min" : 243568,
        "bw_max" : 308824,
        "bw_agg" : 100.000000,
        "bw_mean" : 262919.116667,
        "bw_dev" : 15054.987047,
        "bw_samples" : 60,
        "iops_min" : 60892,
        "iops_max" : 77206,
        "iops_mean" : 65729.733333,
        "iops_stddev" : 3763.718923,
        "iops_samples" : 60
      },
      "write" : {
        "io_bytes" : 3460747264,
        "io_kbytes" : 3379636,
        "bw_bytes" : 115350552,
        "bw" : 112647,
        "iops" : 28161.722552,
        "runtime" : 30002,
        "total_ios" : 844908,
        "short_ios" : 0,
        "drop_ios" : 0,
        "slat_ns" : {
          "min" : 884,
          "max" : 338296,
          "mean" : 1962.152586,
          "stddev" : 1907.075348,
          "N" : 844908
        },
        "clat_ns" : {
          "min" : 1816,
          "max" : 4968509,
          "mean" : 15785.011289,
          "stddev" : 33690.524149,
          "N" : 844909,
          "percentile" : {
            "50.000000" : 12480,
            "95.000000" : 28800,
            "99.000000" : 61184,
            "99.900000" : 142336
          }
        },
        "lat_ns" : {
          "min" : 11203,
          "max" : 4969764,
          "mean" : 17747.166018,
          "stddev" : 33894.129692,
          "N" : 844909
        },
        "bw_min" : 104640,
        "bw_max" : 134376,
        "bw_agg" : 100.000000,
        "bw_mean" : 112685.400000,
        "bw_dev" : 6480.605164,
        "bw_samples" : 60,
        "iops_min" : 26160,
        "iops_max" : 33594,
        "iops_mean" : 28171.283333,
        "iops_stddev" : 1620.126163,
        "iops_samples" : 60
      },
      "trim" : {
        "io_bytes" : 0,
        "io_kbytes" : 0,
        "bw_bytes" : 0,
        "bw" : 0,
        "iops" : 0.000000,
        "runtime" : 0,
        "total_ios" : 0,
        "short_ios" : 0,
        "drop_ios" : 0,
        "slat_ns" : {
          "min" : 0,
          "max" : 0,
          "mean" : 0.000000,
          "stddev" : 0.000000,
          "N" : 0
        },
        "clat_ns" : {
          "min" : 0,
          "max" : 0,
          "mean" : 0.000000,
          "stddev" : 0.000000,
          "N" : 0
        },
        "lat_ns" : {
          "min" : 0,
          "max" : 0,
          "mean" : 0.000000,
          "stddev" : 0.000000,
          "N" : 0
        },
        "bw_min" : 0,
        "bw_max" : 0,
        "bw_agg" : 0.000000,
        "bw_mean" : 0.000000,
        "bw_dev" : 0.000000,
        "bw_samples" : 0,
        "iops_min" : 0,
        "iops_max" : 0,
        "iops_mean" : 0.000000,
        "iops_stddev" : 0.000000,
        "iops_samples" : 0
      },
      "sync" : {
        "total_ios" : 0,
        "lat_ns" : {
          "min" : 0,
          "max" : 0,
          "mean" : 0.000000,
          "stddev" : 0.000000,
          "N" : 0
        }
      },
      "job_runtime" : 30001,
      "usr_cpu" : 5.346488,
      "sys_cpu" : 21.252625,
      "ctx" : 1849480,
      "majf" : 0,
      "minf" : 0,
      "iodepth_level" : {
        "1" : 0.000000,
        "2" : 0.000000,
        "4" : 0.000000,
        "8" : 0.000000,
        "16" : 0.000000,
        "32" : 100.000000,
        ">=64" : 0.000000
      },
      "iodepth_submit" : {
        "0" : 0.000000,
        "4" : 100.000000,
        "8" : 0.000000,
        "16" : 0.000000,
        "32" : 0.000000,
        "64" : 0.000000,
        ">=64" : 0.000000
      },
      "iodepth_complete" : {
        "0" : 0.000000,
        "4" : 99.999964,
        "8" : 0.000000,
        "16" : 0.000000,
        "32" : 0.100000,
        "64" : 0.000000,
        ">=64" : 0.000000
      },
      "latency_ns" : {
        "2" : 0.000000,
        "4" : 0.000000,
        "10" : 0.000000,
        "20" : 0.000000,
        "50" : 0.000000,
        "100" : 0.000000,
        "250" : 0.000000,
        "500" : 0.000000,
        "750" : 0.000000,
        "1000" : 0.000000
      },
      "latency_us" : {
        "2" : 0.010000,
        "4" : 0.010000,
        "10" : 0.096263,
        "20" : 26.173719,
        "50" : 3.432838,
        "100" : 17.824753,
        "250" : 23.940423,
        "500" : 8.536947,
        "750" : 4.440103,
        "1000" : 2.856432
      },
      "latency_ms" : {
        "2" : 11.788267,
        "4" : 0.864699,
        "10" : 0.046019,
        "20" : 0.010000,
        "50" : 0.000000,
        "100" : 0.000000,
        "250" : 0.000000,
        "500" : 0.000000,
        "750" : 0.000000,
        "1000" : 0.000000,
        "2000" : 0.000000,
        ">=2000" : 0.000000
      },
      "latency_depth" : 32,
      "latency_target" : 0,
      "latency_percentile" : 100.000000,
      "latency_window" : 0
    }
  ],
  "disk_util" : [
    {
      "name" : "nvme1n1",
      "read_ios" : 2310991,
      "write_ios" : 990930,
      "read_sectors" : 18487928,
      "write_sectors" : 7927496,
      "read_merges" : 0,
      "write_merges" : 7,
      "read_ticks" : 1088177,
      "write_ticks" : 10871,
      "in_queue" : 1099076,
      "util" : 81.245904
    }
  ]
}
