{
  "fio version" : "fio-3.36",
  "timestamp" : 1759358592,
  "timestamp_ms" : 1759358592918,
  "time" : "Wed Oct  1 18:43:12 2025",
  "jobs" : [
    {
      "jobname" : "mix_R70W30",
      "groupid" : 0,
      "job_start" : 1759358562901,
      "error" : 0,
      "eta" : 0,
      "elapsed" : 36,
      "job options" : {
        "name" : "mix_R70W30",
        "rw" : "randrw",
        "bs" : "4k",
        "filename" : "/mnt/ssdtest/fio_testfile",
        "ioengine" : "io_uring",
        "direct" : "1",
        "time_based" : "1",
        "ramp_time" : "5",
        "runtime" : "30",
        "group_reporting" : "1",
        "numjobs" : "1",
        "iodepth" : "32",
        "thread" : "1",
        "percentile_list" : "50:95:99:99.9",
        "rwmixread" : "70",
        "size" : "64G"
      },
      "read" : {
        "io_bytes" : 7931543552,
        "io_kbytes" : 7745648,
        "bw_bytes" : 264375972,
        "bw" : 258179,
        "iops" : 64543.915203,
        "runtime" : 30001,
        "total_ios" : 1936382,
        "short_ios" : 0,
        "drop_ios" : 0,
        "slat_ns" : {
          "min" : 748,
          "max" : 1272315,
          "mean" : 1745.161131,
          "stddev" : 3320.341629,
          "N" : 1936382
        },
        "clat_ns" : {
          "min" : 16568,
          "max" : 7803860,
          "mean" : 485135.598782,
          "stddev" : 592122.583559,
          "N" : 1936412,
          "percentile" : {
            "50.000000" : 181248,
            "95.000000" : 1744896,
            "99.000000" : 2113536,
            "99.900000" : 3522560
          }
        },
        "lat_ns" : {
          "min" : 45034,
          "max" : 7806132,
          "mean" : 486880.771240,
          "stddev" : 592109.003429,
          "N" : 1936412
        },
        "bw_min" : 242544,
        "bw_max" : 311136,
        "bw_agg" : 100.000000,
        "bw_mean" : 258268.316667,
        "bw_dev" : 14925.722574,
        "bw_samples" : 60,
        "iops_min" : 60636,
        "iops_max" : 77784,
        "iops_mean" : 64567.000000,
        "iops_stddev" : 3731.426423,
        "iops_samples" : 60
      },
      "write" : {
        "io_bytes" : 3399655424,
        "io_kbytes" : 3319976,
        "bw_bytes" : 113318070,
        "bw" : 110662,
        "iops" : 27665.511150,
        "runtime" : 30001,
        "total_ios" : 829993,
        "short_ios" : 0,
        "drop_ios" : 0,
        "slat_ns" : {
          "min" : 855,
          "max" : 1495854,
          "mean" : 2136.452428,
          "stddev" : 3587.822074,
          "N" : 829993
        },
        "clat_ns" : {
          "min" : 64,
          "max" : 5335411,
          "mean" : 17457.723940,
          "stddev" : 44218.485883,
          "N" : 829994,
          "percentile" : {
            "50.000000" : 12736,
            "95.000000" : 34560,
            "99.000000" : 84480,
            "99.900000" : 254976
          }
        },
        "lat_ns" : {
          "min" : 11343,
          "max" : 5337898,
          "mean" : 19594.177792,
          "stddev" : 44640.386625,
          "N" : 829994
        },
        "bw_min" : 102552,
        "bw_max" : 133536,
        "bw_agg" : 100.000000,
        "bw_mean" : 110701.133333,
        "bw_dev" : 6456.413494,
        "bw_samples" : 60,
        "iops_min" : 25638,
        "iops_max" : 33384,
        "iops_mean" : 27675.233333,
        "iops_stddev" : 1614.110852,
        "iops_samples" : 60
      },
      "trim" : {
        "io_bytes" : 0,
        "io_kbytes" : 0,
        "bw_bytes" : 0,
        "bw" : 0,
        "iops" : 0.000000,
        "runtime" : 0,
        "total_ios" : 0,
        "short_ios" : 0,
        "drop_ios" : 0,
        "slat_ns" : {
          "min" : 0,
          "max" : 0,
          "mean" : 0.000000,
          "stddev" : 0.000000,
          "N" : 0
        },
        "clat_ns" : {
          "min" : 0,
          "max" : 0,
          "mean" : 0.000000,
          "stddev" : 0.000000,
          "N" : 0
        },
        "lat_ns" : {
          "min" : 0,
          "max" : 0,
          "mean" : 0.000000,
          "stddev" : 0.000000,
          "N" : 0
        },
        "bw_min" : 0,
        "bw_max" : 0,
        "bw_agg" : 0.000000,
        "bw_mean" : 0.000000,
        "bw_dev" : 0.000000,
        "bw_samples" : 0,
        "iops_min" : 0,
        "iops_max" : 0,
        "iops_mean" : 0.000000,
        "iops_stddev" : 0.000000,
        "iops_samples" : 0
      },
      "sync" : {
        "total_ios" : 0,
        "lat_ns" : {
          "min" : 0,
          "max" : 0,
          "mean" : 0.000000,
          "stddev" : 0.000000,
          "N" : 0
        }
      },
      "job_runtime" : 30000,
      "usr_cpu" : 5.790000,
      "sys_cpu" : 21.863333,
      "ctx" : 1791687,
      "majf" : 0,
      "minf" : 0,
      "iodepth_level" : {
        "1" : 0.000000,
        "2" : 0.000000,
        "4" : 0.000000,
        "8" : 0.000000,
        "16" : 0.000000,
        "32" : 100.000000,
        ">=64" : 0.000000
      },
      "iodepth_submit" : {
        "0" : 0.000000,
        "4" : 100.000000,
        "8" : 0.000000,
        "16" : 0.000000,
        "32" : 0.000000,
        "64" : 0.000000,
        ">=64" : 0.000000
      },
      "iodepth_complete" : {
        "0" : 0.000000,
        "4" : 99.999964,
        "8" : 0.000000,
        "16" : 0.000000,
        "32" : 0.100000,
        "64" : 0.000000,
        ">=64" : 0.000000
      },
      "latency_ns" : {
        "2" : 0.000000,
        "4" : 0.000000,
        "10" : 0.000000,
        "20" : 0.000000,
        "50" : 0.000000,
        "100" : 0.010000,
        "250" : 0.000000,
        "500" : 0.010000,
        "750" : 0.000000,
        "1000" : 0.000000
      },
      "latency_us" : {
        "2" : 0.010000,
        "4" : 0.010000,
        "10" : 0.097998,
        "20" : 25.386941,
        "50" : 3.899869,
        "100" : 17.913804,
        "250" : 23.966563,
        "500" : 8.467977,
        "750" : 4.484099,
        "1000" : 2.818526
      },
      "latency_ms" : {
        "2" : 11.874746,
        "4" : 1.044435,
        "10" : 0.045439,
        "20" : 0.000000,
        "50" : 0.000000,
        "100" : 0.000000,
        "250" : 0.000000,
        "500" : 0.000000,
        "750" : 0.000000,
        "1000" : 0.000000,
        "2000" : 0.000000,
        ">=2000" : 0.000000
      },
      "latency_depth" : 32,
      "latency_target" : 0,
      "latency_percentile" : 100.000000,
      "latency_window" : 0
    }
  ],
  "disk_util" : [
    {
      "name" : "nvme1n1",
      "read_ios" : 2288233,
      "write_ios" : 983144,
      "read_sectors" : 18305864,
      "write_sectors" : 7880736,
      "read_merges" : 0,
      "write_merges" : 1948,
      "read_ticks" : 1081511,
      "write_ticks" : 11608,
      "in_queue" : 1093160,
      "util" : 81.615845
    }
  ]
}
