{
  "fio version" : "fio-3.36",
  "timestamp" : 1759358487,
  "timestamp_ms" : 1759358487089,
  "time" : "Wed Oct  1 18:41:27 2025",
  "jobs" : [
    {
      "jobname" : "mix_R50W50",
      "groupid" : 0,
      "job_start" : 1759358457073,
      "error" : 0,
      "eta" : 0,
      "elapsed" : 36,
      "job options" : {
        "name" : "mix_R50W50",
        "rw" : "randrw",
        "bs" : "4k",
        "filename" : "/mnt/ssdtest/fio_testfile",
        "ioengine" : "io_uring",
        "direct" : "1",
        "time_based" : "1",
        "ramp_time" : "5",
        "runtime" : "30",
        "group_reporting" : "1",
        "numjobs" : "1",
        "iodepth" : "32",
        "thread" : "1",
        "percentile_list" : "50:95:99:99.9",
        "rwmixread" : "50",
        "size" : "64G"
      },
      "read" : {
        "io_bytes" : 6223622144,
        "io_kbytes" : 6077756,
        "bw_bytes" : 207440242,
        "bw" : 202578,
        "iops" : 50643.790414,
        "runtime" : 30002,
        "total_ios" : 1519415,
        "short_ios" : 0,
        "drop_ios" : 0,
        "slat_ns" : {
          "min" : 750,
          "max" : 1616668,
          "mean" : 1926.780172,
          "stddev" : 4488.890258,
          "N" : 1519416
        },
        "clat_ns" : {
          "min" : 5788,
          "max" : 7189503,
          "mean" : 606318.628496,
          "stddev" : 672956.701307,
          "N" : 1519439,
          "percentile" : {
            "50.000000" : 238592,
            "95.000000" : 1794048,
            "99.000000" : 2277376,
            "99.900000" : 4358144
          }
        },
        "lat_ns" : {
          "min" : 44861,
          "max" : 7191961,
          "mean" : 608245.427431,
          "stddev" : 672930.236948,
          "N" : 1519439
        },
        "bw_min" : 181672,
        "bw_max" : 221048,
        "bw_agg" : 100.000000,
        "bw_mean" : 202651.950000,
        "bw_dev" : 9840.655603,
        "bw_samples" : 60,
        "iops_min" : 45418,
        "iops_max" : 55262,
        "iops_mean" : 50662.916667,
        "iops_stddev" : 2460.086572,
        "iops_samples" : 60
      },
      "write" : {
        "io_bytes" : 6213955584,
        "io_kbytes" : 6068316,
        "bw_bytes" : 207118044,
        "bw" : 202263,
        "iops" : 50565.662289,
        "runtime" : 30002,
        "total_ios" : 1517071,
        "short_ios" : 0,
        "drop_ios" : 0,
        "slat_ns" : {
          "min" : 852,
          "max" : 3150043,
          "mean" : 2308.828120,
          "stddev" : 4605.884814,
          "N" : 1517071
        },
        "clat_ns" : {
          "min" : 93,
          "max" : 5532544,
          "mean" : 20563.774886,
          "stddev" : 42018.286679,
          "N" : 1517078,
          "percentile" : {
            "50.000000" : 13632,
            "95.000000" : 54016,
            "99.000000" : 113152,
            "99.900000" : 242688
          }
        },
        "lat_ns" : {
          "min" : 11190,
          "max" : 5534997,
          "mean" : 22872.609450,
          "stddev" : 42678.937062,
          "N" : 1517078
        },
        "bw_min" : 183328,
        "bw_max" : 222280,
        "bw_agg" : 100.000000,
        "bw_mean" : 202340.533333,
        "bw_dev" : 9586.063432,
        "bw_samples" : 60,
        "iops_min" : 45832,
        "iops_max" : 55570,
        "iops_mean" : 50585.066667,
        "iops_stddev" : 2396.510336,
        "iops_samples" : 60
      },
      "trim" : {
        "io_bytes" : 0,
        "io_kbytes" : 0,
        "bw_bytes" : 0,
        "bw" : 0,
        "iops" : 0.000000,
        "runtime" : 0,
        "total_ios" : 0,
        "short_ios" : 0,
        "drop_ios" : 0,
        "slat_ns" : {
          "min" : 0,
          "max" : 0,
          "mean" : 0.000000,
          "stddev" : 0.000000,
          "N" : 0
        },
        "clat_ns" : {
          "min" : 0,
          "max" : 0,
          "mean" : 0.000000,
          "stddev" : 0.000000,
          "N" : 0
        },
        "lat_ns" : {
          "min" : 0,
          "max" : 0,
          "mean" : 0.000000,
          "stddev" : 0.000000,
          "N" : 0
        },
        "bw_min" : 0,
        "bw_max" : 0,
        "bw_agg" : 0.000000,
        "bw_mean" : 0.000000,
        "bw_dev" : 0.000000,
        "bw_samples" : 0,
        "iops_min" : 0,
        "iops_max" : 0,
        "iops_mean" : 0.000000,
        "iops_stddev" : 0.000000,
        "iops_samples" : 0
      },
      "sync" : {
        "total_ios" : 0,
        "lat_ns" : {
          "min" : 0,
          "max" : 0,
          "mean" : 0.000000,
          "stddev" : 0.000000,
          "N" : 0
        }
      },
      "job_runtime" : 30001,
      "usr_cpu" : 5.903137,
      "sys_cpu" : 23.812540,
      "ctx" : 1939272,
      "majf" : 0,
      "minf" : 0,
      "iodepth_level" : {
        "1" : 0.000000,
        "2" : 0.000000,
        "4" : 0.000000,
        "8" : 0.000000,
        "16" : 0.000000,
        "32" : 100.000000,
        ">=64" : 0.000000
      },
      "iodepth_submit" : {
        "0" : 0.000000,
        "4" : 100.000000,
        "8" : 0.000000,
        "16" : 0.000000,
        "32" : 0.000000,
        "64" : 0.000000,
        ">=64" : 0.000000
      },
      "iodepth_complete" : {
        "0" : 0.000000,
        "4" : 99.999967,
        "8" : 0.000000,
        "16" : 0.000000,
        "32" : 0.100000,
        "64" : 0.000000,
        ">=64" : 0.000000
      },
      "latency_ns" : {
        "2" : 0.000000,
        "4" : 0.000000,
        "10" : 0.000000,
        "20" : 0.000000,
        "50" : 0.000000,
        "100" : 0.010000,
        "250" : 0.000000,
        "500" : 0.010000,
        "750" : 0.000000,
        "1000" : 0.000000
      },
      "latency_us" : {
        "2" : 0.010000,
        "4" : 0.010000,
        "10" : 0.320798,
        "20" : 38.440981,
        "50" : 8.787329,
        "100" : 16.223819,
        "250" : 11.556154,
        "500" : 5.592451,
        "750" : 3.106650,
        "1000" : 2.363522
      },
      "latency_ms" : {
        "2" : 12.586226,
        "4" : 0.957258,
        "10" : 0.064548,
        "20" : 0.000000,
        "50" : 0.000000,
        "100" : 0.000000,
        "250" : 0.000000,
        "500" : 0.000000,
        "750" : 0.000000,
        "1000" : 0.000000,
        "2000" : 0.000000,
        ">=2000" : 0.000000
      },
      "latency_depth" : 32,
      "latency_target" : 0,
      "latency_percentile" : 100.000000,
      "latency_window" : 0
    }
  ],
  "disk_util" : [
    {
      "name" : "nvme1n1",
      "read_ios" : 1781109,
      "write_ios" : 1779206,
      "read_sectors" : 14248872,
      "write_sectors" : 14233712,
      "read_merges" : 0,
      "write_merges" : 7,
      "read_ticks" : 1059297,
      "write_ticks" : 20322,
      "in_queue" : 1079648,
      "util" : 82.476489
    }
  ]
}
