{
  "fio version" : "fio-3.36",
  "timestamp" : 1759358086,
  "timestamp_ms" : 1759358086898,
  "time" : "Wed Oct  1 18:34:46 2025",
  "global options" : {
    "ioengine" : "io_uring",
    "direct" : "1",
    "time_based" : "1",
    "ramp_time" : "1",
    "runtime" : "4",
    "group_reporting" : "1",
    "numjobs" : "1",
    "iodepth" : "32",
    "thread" : "1",
    "percentile_list" : "50:95:99:99.9",
    "bs" : "4k",
    "filename" : "/mnt/ssdtest/fio_testfile"
  },
  "jobs" : [
    {
      "jobname" : "r100w0",
      "groupid" : 0,
      "job_start" : 1759358082850,
      "error" : 0,
      "eta" : 0,
      "elapsed" : 6,
      "job options" : {
        "rw" : "randrw",
        "rwmixread" : "50"
      },
      "read" : {
        "io_bytes" : 779243520,
        "io_kbytes" : 760980,
        "bw_bytes" : 193456683,
        "bw" : 188922,
        "iops" : 47208.540218,
        "runtime" : 4028,
        "total_ios" : 190156,
        "short_ios" : 0,
        "drop_ios" : 0,
        "slat_ns" : {
          "min" : 470,
          "max" : 107773,
          "mean" : 1489.603102,
          "stddev" : 1562.903571,
          "N" : 190157
        },
        "clat_ns" : {
          "min" : 30,
          "max" : 33498656,
          "mean" : 1923427.183991,
          "stddev" : 1752843.667544,
          "N" : 190243,
          "percentile" : {
            "50.000000" : 1515520,
            "95.000000" : 5079040,
            "99.000000" : 7962624,
            "99.900000" : 11730944
          }
        },
        "lat_ns" : {
          "min" : 512,
          "max" : 33499671,
          "mean" : 1924916.666064,
          "stddev" : 1752803.483860,
          "N" : 190243
        },
        "bw_min" : 105776,
        "bw_max" : 234872,
        "bw_agg" : 100.000000,
        "bw_mean" : 190203.250000,
        "bw_dev" : 17659.491223,
        "bw_samples" : 24,
        "iops_min" : 26444,
        "iops_max" : 58718,
        "iops_mean" : 47550.625000,
        "iops_stddev" : 4414.834535,
        "iops_samples" : 24
      },
      "write" : {
        "io_bytes" : 2768605184,
        "io_kbytes" : 2703716,
        "bw_bytes" : 687339916,
        "bw" : 671230,
        "iops" : 167798.162860,
        "runtime" : 4028,
        "total_ios" : 675891,
        "short_ios" : 0,
        "drop_ios" : 0,
        "slat_ns" : {
          "min" : 851,
          "max" : 151484,
          "mean" : 2410.194003,
          "stddev" : 2242.357752,
          "N" : 675893
        },
        "clat_ns" : {
          "min" : 8458,
          "max" : 27155331,
          "mean" : 218016.238653,
          "stddev" : 280518.563225,
          "N" : 675928,
          "percentile" : {
            "50.000000" : 158720,
            "95.000000" : 561152,
            "99.000000" : 1187840,
            "99.900000" : 1990656
          }
        },
        "lat_ns" : {
          "min" : 12079,
          "max" : 27157101,
          "mean" : 220426.424854,
          "stddev" : 280389.714220,
          "N" : 675928
        },
        "bw_min" : 339144,
        "bw_max" : 848866,
        "bw_agg" : 100.000000,
        "bw_mean" : 676086.875000,
        "bw_dev" : 113885.278218,
        "bw_samples" : 24,
        "iops_min" : 84786,
        "iops_max" : 212216,
        "iops_mean" : 169021.625000,
        "iops_stddev" : 28471.289454,
        "iops_samples" : 24
      },
      "trim" : {
        "io_bytes" : 0,
        "io_kbytes" : 0,
        "bw_bytes" : 0,
        "bw" : 0,
        "iops" : 0.000000,
        "runtime" : 0,
        "total_ios" : 0,
        "short_ios" : 0,
        "drop_ios" : 0,
        "slat_ns" : {
          "min" : 0,
          "max" : 0,
          "mean" : 0.000000,
          "stddev" : 0.000000,
          "N" : 0
        },
        "clat_ns" : {
          "min" : 0,
          "max" : 0,
          "mean" : 0.000000,
          "stddev" : 0.000000,
          "N" : 0
        },
        "lat_ns" : {
          "min" : 0,
          "max" : 0,
          "mean" : 0.000000,
          "stddev" : 0.000000,
          "N" : 0
        },
        "bw_min" : 0,
        "bw_max" : 0,
        "bw_agg" : 0.000000,
        "bw_mean" : 0.000000,
        "bw_dev" : 0.000000,
        "bw_samples" : 0,
        "iops_min" : 0,
        "iops_max" : 0,
        "iops_mean" : 0.000000,
        "iops_stddev" : 0.000000,
        "iops_samples" : 0
      },
      "sync" : {
        "total_ios" : 0,
        "lat_ns" : {
          "min" : 0,
          "max" : 0,
          "mean" : 0.000000,
          "stddev" : 0.000000,
          "N" : 0
        }
      },
      "job_runtime" : 16105,
      "usr_cpu" : 2.160820,
      "sys_cpu" : 11.959019,
      "ctx" : 724773,
      "majf" : 0,
      "minf" : 0,
      "iodepth_level" : {
        "1" : 0.000000,
        "2" : 0.000000,
        "4" : 0.000000,
        "8" : 0.000000,
        "16" : 0.000000,
        "32" : 100.000000,
        ">=64" : 0.000000
      },
      "iodepth_submit" : {
        "0" : 0.000000,
        "4" : 100.000000,
        "8" : 0.000000,
        "16" : 0.000000,
        "32" : 0.000000,
        "64" : 0.000000,
        ">=64" : 0.000000
      },
      "iodepth_complete" : {
        "0" : 0.000000,
        "4" : 99.999538,
        "8" : 0.000000,
        "16" : 0.000000,
        "32" : 0.100000,
        "64" : 0.000000,
        ">=64" : 0.000000
      },
      "latency_ns" : {
        "2" : 0.000000,
        "4" : 0.000000,
        "10" : 0.000000,
        "20" : 0.000000,
        "50" : 1.323254,
        "100" : 0.119162,
        "250" : 0.099764,
        "500" : 0.010000,
        "750" : 0.010000,
        "1000" : 0.010000
      },
      "latency_us" : {
        "2" : 0.022863,
        "4" : 0.010000,
        "10" : 0.010000,
        "20" : 0.096531,
        "50" : 0.230126,
        "100" : 8.441228,
        "250" : 53.602980,
        "500" : 13.111875,
        "750" : 4.704479,
        "1000" : 2.958038
      },
      "latency_ms" : {
        "2" : 6.746285,
        "4" : 6.389838,
        "10" : 2.088455,
        "20" : 0.045610,
        "50" : 0.014433,
        "100" : 0.000000,
        "250" : 0.000000,
        "500" : 0.000000,
        "750" : 0.000000,
        "1000" : 0.000000,
        "2000" : 0.000000,
        ">=2000" : 0.000000
      },
      "latency_depth" : 32,
      "latency_target" : 0,
      "latency_percentile" : 100.000000,
      "latency_window" : 0
    }
  ],
  "disk_util" : [
    {
      "name" : "nvme1n1",
      "read_ios" : 209924,
      "write_ios" : 802812,
      "read_sectors" : 1679400,
      "write_sectors" : 6422504,
      "read_merges" : 0,
      "write_merges" : 1,
      "read_ticks" : 453854,
      "write_ticks" : 170435,
      "in_queue" : 624288,
      "util" : 82.748481
    }
  ]
}
