{
  "fio version" : "fio-3.36",
  "timestamp" : 1759350966,
  "timestamp_ms" : 1759350966630,
  "time" : "Wed Oct  1 16:36:06 2025",
  "jobs" : [
    {
      "jobname" : "randread_qd1",
      "groupid" : 0,
      "job_start" : 1759350936612,
      "error" : 0,
      "eta" : 0,
      "elapsed" : 36,
      "job options" : {
        "name" : "randread_qd1",
        "filename" : "/mnt/ssdtest/fiofile",
        "ioengine" : "io_uring",
        "direct" : "1",
        "time_based" : "1",
        "ramp_time" : "5",
        "runtime" : "30",
        "group_reporting" : "1",
        "numjobs" : "1",
        "iodepth" : "1",
        "thread" : "1",
        "percentile_list" : "50:95:99:99.9",
        "rw" : "randread",
        "bs" : "4k",
        "offset_align" : "4k",
        "size" : "8g"
      },
      "read" : {
        "io_bytes" : 1541193728,
        "io_kbytes" : 1505072,
        "bw_bytes" : 51371411,
        "bw" : 50167,
        "iops" : 12541.848605,
        "runtime" : 30001,
        "total_ios" : 376268,
        "short_ios" : 0,
        "drop_ios" : 0,
        "slat_ns" : {
          "min" : 724,
          "max" : 136976,
          "mean" : 1683.494998,
          "stddev" : 1414.072283,
          "N" : 376268
        },
        "clat_ns" : {
          "min" : 2050,
          "max" : 829608,
          "mean" : 77724.200283,
          "stddev" : 9732.406501,
          "N" : 376268,
          "percentile" : {
            "50.000000" : 74240,
            "95.000000" : 90624,
            "99.000000" : 98816,
            "99.900000" : 154624
          }
        },
        "lat_ns" : {
          "min" : 47141,
          "max" : 831881,
          "mean" : 79407.695281,
          "stddev" : 10150.442520,
          "N" : 376268
        },
        "bw_min" : 48328,
        "bw_max" : 51600,
        "bw_agg" : 100.000000,
        "bw_mean" : 50190.350000,
        "bw_dev" : 918.184314,
        "bw_samples" : 60,
        "iops_min" : 12082,
        "iops_max" : 12900,
        "iops_mean" : 12547.483333,
        "iops_stddev" : 229.576212,
        "iops_samples" : 60
      },
      "write" : {
        "io_bytes" : 0,
        "io_kbytes" : 0,
        "bw_bytes" : 0,
        "bw" : 0,
        "iops" : 0.000000,
        "runtime" : 0,
        "total_ios" : 0,
        "short_ios" : 0,
        "drop_ios" : 0,
        "slat_ns" : {
          "min" : 0,
          "max" : 0,
          "mean" : 0.000000,
          "stddev" : 0.000000,
          "N" : 0
        },
        "clat_ns" : {
          "min" : 0,
          "max" : 0,
          "mean" : 0.000000,
          "stddev" : 0.000000,
          "N" : 0
        },
        "lat_ns" : {
          "min" : 0,
          "max" : 0,
          "mean" : 0.000000,
          "stddev" : 0.000000,
          "N" : 0
        },
        "bw_min" : 0,
        "bw_max" : 0,
        "bw_agg" : 0.000000,
        "bw_mean" : 0.000000,
        "bw_dev" : 0.000000,
        "bw_samples" : 0,
        "iops_min" : 0,
        "iops_max" : 0,
        "iops_mean" : 0.000000,
        "iops_stddev" : 0.000000,
        "iops_samples" : 0
      },
      "trim" : {
        "io_bytes" : 0,
        "io_kbytes" : 0,
        "bw_bytes" : 0,
        "bw" : 0,
        "iops" : 0.000000,
        "runtime" : 0,
        "total_ios" : 0,
        "short_ios" : 0,
        "drop_ios" : 0,
        "slat_ns" : {
          "min" : 0,
          "max" : 0,
          "mean" : 0.000000,
          "stddev" : 0.000000,
          "N" : 0
        },
        "clat_ns" : {
          "min" : 0,
          "max" : 0,
          "mean" : 0.000000,
          "stddev" : 0.000000,
          "N" : 0
        },
        "lat_ns" : {
          "min" : 0,
          "max" : 0,
          "mean" : 0.000000,
          "stddev" : 0.000000,
          "N" : 0
        },
        "bw_min" : 0,
        "bw_max" : 0,
        "bw_agg" : 0.000000,
        "bw_mean" : 0.000000,
        "bw_dev" : 0.000000,
        "bw_samples" : 0,
        "iops_min" : 0,
        "iops_max" : 0,
        "iops_mean" : 0.000000,
        "iops_stddev" : 0.000000,
        "iops_samples" : 0
      },
      "sync" : {
        "total_ios" : 0,
        "lat_ns" : {
          "min" : 0,
          "max" : 0,
          "mean" : 0.000000,
          "stddev" : 0.000000,
          "N" : 0
        }
      },
      "job_runtime" : 30000,
      "usr_cpu" : 1.166667,
      "sys_cpu" : 3.896667,
      "ctx" : 376402,
      "majf" : 0,
      "minf" : 0,
      "iodepth_level" : {
        "1" : 100.000000,
        "2" : 0.000000,
        "4" : 0.000000,
        "8" : 0.000000,
        "16" : 0.000000,
        "32" : 0.000000,
        ">=64" : 0.000000
      },
      "iodepth_submit" : {
        "0" : 0.000000,
        "4" : 100.000000,
        "8" : 0.000000,
        "16" : 0.000000,
        "32" : 0.000000,
        "64" : 0.000000,
        ">=64" : 0.000000
      },
      "iodepth_complete" : {
        "0" : 0.000000,
        "4" : 100.000000,
        "8" : 0.000000,
        "16" : 0.000000,
        "32" : 0.000000,
        "64" : 0.000000,
        ">=64" : 0.000000
      },
      "latency_ns" : {
        "2" : 0.000000,
        "4" : 0.000000,
        "10" : 0.000000,
        "20" : 0.000000,
        "50" : 0.000000,
        "100" : 0.000000,
        "250" : 0.000000,
        "500" : 0.000000,
        "750" : 0.000000,
        "1000" : 0.000000
      },
      "latency_us" : {
        "2" : 0.000000,
        "4" : 0.010000,
        "10" : 0.000000,
        "20" : 0.010000,
        "50" : 0.032955,
        "100" : 99.011077,
        "250" : 0.952513,
        "500" : 0.010000,
        "750" : 0.010000,
        "1000" : 0.010000
      },
      "latency_ms" : {
        "2" : 0.000000,
        "4" : 0.000000,
        "10" : 0.000000,
        "20" : 0.000000,
        "50" : 0.000000,
        "100" : 0.000000,
        "250" : 0.000000,
        "500" : 0.000000,
        "750" : 0.000000,
        "1000" : 0.000000,
        "2000" : 0.000000,
        ">=2000" : 0.000000
      },
      "latency_depth" : 1,
      "latency_target" : 0,
      "latency_percentile" : 100.000000,
      "latency_window" : 0
    }
  ],
  "disk_util" : [
    {
      "name" : "nvme1n1",
      "read_ios" : 438509,
      "write_ios" : 2,
      "read_sectors" : 3508072,
      "write_sectors" : 24,
      "read_merges" : 0,
      "write_merges" : 1,
      "read_ticks" : 33568,
      "write_ticks" : 3,
      "in_queue" : 33571,
      "util" : 95.228594
    }
  ]
}
