{
  "fio version" : "fio-3.36",
  "timestamp" : 1759351178,
  "timestamp_ms" : 1759351178294,
  "time" : "Wed Oct  1 16:39:38 2025",
  "jobs" : [
    {
      "jobname" : "read128k_qd1",
      "groupid" : 0,
      "job_start" : 1759351148277,
      "error" : 0,
      "eta" : 0,
      "elapsed" : 36,
      "job options" : {
        "name" : "read128k_qd1",
        "filename" : "/mnt/ssdtest/fiofile",
        "ioengine" : "io_uring",
        "direct" : "1",
        "time_based" : "1",
        "ramp_time" : "5",
        "runtime" : "30",
        "group_reporting" : "1",
        "numjobs" : "1",
        "iodepth" : "1",
        "thread" : "1",
        "percentile_list" : "50:95:99:99.9",
        "rw" : "read",
        "bs" : "128k",
        "size" : "8g"
      },
      "read" : {
        "io_bytes" : 29490282496,
        "io_kbytes" : 28799104,
        "bw_bytes" : 982976650,
        "bw" : 959938,
        "iops" : 7499.516683,
        "runtime" : 30001,
        "total_ios" : 224993,
        "short_ios" : 0,
        "drop_ios" : 0,
        "slat_ns" : {
          "min" : 6363,
          "max" : 161066,
          "mean" : 7919.997178,
          "stddev" : 2241.440870,
          "N" : 224993
        },
        "clat_ns" : {
          "min" : 10130,
          "max" : 1163575,
          "mean" : 125212.661358,
          "stddev" : 42835.344018,
          "N" : 224993,
          "percentile" : {
            "50.000000" : 119296,
            "95.000000" : 187392,
            "99.000000" : 230400,
            "99.900000" : 354304
          }
        },
        "lat_ns" : {
          "min" : 52146,
          "max" : 1171988,
          "mean" : 133132.658536,
          "stddev" : 42811.032348,
          "N" : 224993
        },
        "bw_min" : 954228,
        "bw_max" : 970132,
        "bw_agg" : 100.000000,
        "bw_mean" : 960442.216667,
        "bw_dev" : 3373.680900,
        "bw_samples" : 60,
        "iops_min" : 7454,
        "iops_max" : 7579,
        "iops_mean" : 7503.350000,
        "iops_stddev" : 26.416369,
        "iops_samples" : 60
      },
      "write" : {
        "io_bytes" : 0,
        "io_kbytes" : 0,
        "bw_bytes" : 0,
        "bw" : 0,
        "iops" : 0.000000,
        "runtime" : 0,
        "total_ios" : 0,
        "short_ios" : 0,
        "drop_ios" : 0,
        "slat_ns" : {
          "min" : 0,
          "max" : 0,
          "mean" : 0.000000,
          "stddev" : 0.000000,
          "N" : 0
        },
        "clat_ns" : {
          "min" : 0,
          "max" : 0,
          "mean" : 0.000000,
          "stddev" : 0.000000,
          "N" : 0
        },
        "lat_ns" : {
          "min" : 0,
          "max" : 0,
          "mean" : 0.000000,
          "stddev" : 0.000000,
          "N" : 0
        },
        "bw_min" : 0,
        "bw_max" : 0,
        "bw_agg" : 0.000000,
        "bw_mean" : 0.000000,
        "bw_dev" : 0.000000,
        "bw_samples" : 0,
        "iops_min" : 0,
        "iops_max" : 0,
        "iops_mean" : 0.000000,
        "iops_stddev" : 0.000000,
        "iops_samples" : 0
      },
      "trim" : {
        "io_bytes" : 0,
        "io_kbytes" : 0,
        "bw_bytes" : 0,
        "bw" : 0,
        "iops" : 0.000000,
        "runtime" : 0,
        "total_ios" : 0,
        "short_ios" : 0,
        "drop_ios" : 0,
        "slat_ns" : {
          "min" : 0,
          "max" : 0,
          "mean" : 0.000000,
          "stddev" : 0.000000,
          "N" : 0
        },
        "clat_ns" : {
          "min" : 0,
          "max" : 0,
          "mean" : 0.000000,
          "stddev" : 0.000000,
          "N" : 0
        },
        "lat_ns" : {
          "min" : 0,
          "max" : 0,
          "mean" : 0.000000,
          "stddev" : 0.000000,
          "N" : 0
        },
        "bw_min" : 0,
        "bw_max" : 0,
        "bw_agg" : 0.000000,
        "bw_mean" : 0.000000,
        "bw_dev" : 0.000000,
        "bw_samples" : 0,
        "iops_min" : 0,
        "iops_max" : 0,
        "iops_mean" : 0.000000,
        "iops_stddev" : 0.000000,
        "iops_samples" : 0
      },
      "sync" : {
        "total_ios" : 0,
        "lat_ns" : {
          "min" : 0,
          "max" : 0,
          "mean" : 0.000000,
          "stddev" : 0.000000,
          "N" : 0
        }
      },
      "job_runtime" : 30000,
      "usr_cpu" : 0.480000,
      "sys_cpu" : 7.223333,
      "ctx" : 225113,
      "majf" : 0,
      "minf" : 0,
      "iodepth_level" : {
        "1" : 100.000000,
        "2" : 0.000000,
        "4" : 0.000000,
        "8" : 0.000000,
        "16" : 0.000000,
        "32" : 0.000000,
        ">=64" : 0.000000
      },
      "iodepth_submit" : {
        "0" : 0.000000,
        "4" : 100.000000,
        "8" : 0.000000,
        "16" : 0.000000,
        "32" : 0.000000,
        "64" : 0.000000,
        ">=64" : 0.000000
      },
      "iodepth_complete" : {
        "0" : 0.000000,
        "4" : 100.000000,
        "8" : 0.000000,
        "16" : 0.000000,
        "32" : 0.000000,
        "64" : 0.000000,
        ">=64" : 0.000000
      },
      "latency_ns" : {
        "2" : 0.000000,
        "4" : 0.000000,
        "10" : 0.000000,
        "20" : 0.000000,
        "50" : 0.000000,
        "100" : 0.000000,
        "250" : 0.000000,
        "500" : 0.000000,
        "750" : 0.000000,
        "1000" : 0.000000
      },
      "latency_us" : {
        "2" : 0.000000,
        "4" : 0.000000,
        "10" : 0.000000,
        "20" : 0.010000,
        "50" : 0.078669,
        "100" : 24.287867,
        "250" : 75.182339,
        "500" : 0.360011,
        "750" : 0.010000,
        "1000" : 0.078225
      },
      "latency_ms" : {
        "2" : 0.010667,
        "4" : 0.000000,
        "10" : 0.000000,
        "20" : 0.000000,
        "50" : 0.000000,
        "100" : 0.000000,
        "250" : 0.000000,
        "500" : 0.000000,
        "750" : 0.000000,
        "1000" : 0.000000,
        "2000" : 0.000000,
        ">=2000" : 0.000000
      },
      "latency_depth" : 1,
      "latency_target" : 0,
      "latency_percentile" : 100.000000,
      "latency_window" : 0
    }
  ],
  "disk_util" : [
    {
      "name" : "nvme1n1",
      "read_ios" : 262506,
      "write_ios" : 3,
      "read_sectors" : 67201536,
      "write_sectors" : 32,
      "read_merges" : 0,
      "write_merges" : 1,
      "read_ticks" : 33872,
      "write_ticks" : 3,
      "in_queue" : 33876,
      "util" : 96.394162
    }
  ]
}
