{
  "fio version" : "fio-3.36",
  "timestamp" : 1759354799,
  "timestamp_ms" : 1759354799721,
  "time" : "Wed Oct  1 17:39:59 2025",
  "jobs" : [
    {
      "jobname" : "randread_bs32k",
      "groupid" : 0,
      "job_start" : 1759354769709,
      "error" : 0,
      "eta" : 0,
      "elapsed" : 36,
      "job options" : {
        "name" : "randread_bs32k",
        "rw" : "randread",
        "bs" : "32k",
        "filename" : "/mnt/ssdtest/fio_testfile",
        "ioengine" : "io_uring",
        "direct" : "1",
        "time_based" : "1",
        "ramp_time" : "5",
        "runtime" : "30",
        "group_reporting" : "1",
        "numjobs" : "1",
        "iodepth" : "32",
        "thread" : "1",
        "percentile_list" : "50:95:99:99.9",
        "offset_align" : "4k",
        "size" : "64G"
      },
      "read" : {
        "io_bytes" : 30098161664,
        "io_kbytes" : 29392736,
        "bw_bytes" : 1003205175,
        "bw" : 979692,
        "iops" : 30614.359043,
        "runtime" : 30002,
        "total_ios" : 918492,
        "short_ios" : 0,
        "drop_ios" : 0,
        "slat_ns" : {
          "min" : 441,
          "max" : 203381,
          "mean" : 3456.319934,
          "stddev" : 2026.245959,
          "N" : 918492
        },
        "clat_ns" : {
          "min" : 28,
          "max" : 2422248,
          "mean" : 1041479.441030,
          "stddev" : 365188.605870,
          "N" : 918523,
          "percentile" : {
            "50.000000" : 1122304,
            "95.000000" : 1417216,
            "99.000000" : 1531904,
            "99.900000" : 1695744
          }
        },
        "lat_ns" : {
          "min" : 476,
          "max" : 2426236,
          "mean" : 1044935.729890,
          "stddev" : 365146.900140,
          "N" : 918523
        },
        "bw_min" : 966605,
        "bw_max" : 990144,
        "bw_agg" : 100.000000,
        "bw_mean" : 980063.000000,
        "bw_dev" : 4980.812067,
        "bw_samples" : 60,
        "iops_min" : 30206,
        "iops_max" : 30942,
        "iops_mean" : 30626.883333,
        "iops_stddev" : 155.613286,
        "iops_samples" : 60
      },
      "write" : {
        "io_bytes" : 0,
        "io_kbytes" : 0,
        "bw_bytes" : 0,
        "bw" : 0,
        "iops" : 0.000000,
        "runtime" : 0,
        "total_ios" : 0,
        "short_ios" : 0,
        "drop_ios" : 0,
        "slat_ns" : {
          "min" : 0,
          "max" : 0,
          "mean" : 0.000000,
          "stddev" : 0.000000,
          "N" : 0
        },
        "clat_ns" : {
          "min" : 0,
          "max" : 0,
          "mean" : 0.000000,
          "stddev" : 0.000000,
          "N" : 0
        },
        "lat_ns" : {
          "min" : 0,
          "max" : 0,
          "mean" : 0.000000,
          "stddev" : 0.000000,
          "N" : 0
        },
        "bw_min" : 0,
        "bw_max" : 0,
        "bw_agg" : 0.000000,
        "bw_mean" : 0.000000,
        "bw_dev" : 0.000000,
        "bw_samples" : 0,
        "iops_min" : 0,
        "iops_max" : 0,
        "iops_mean" : 0.000000,
        "iops_stddev" : 0.000000,
        "iops_samples" : 0
      },
      "trim" : {
        "io_bytes" : 0,
        "io_kbytes" : 0,
        "bw_bytes" : 0,
        "bw" : 0,
        "iops" : 0.000000,
        "runtime" : 0,
        "total_ios" : 0,
        "short_ios" : 0,
        "drop_ios" : 0,
        "slat_ns" : {
          "min" : 0,
          "max" : 0,
          "mean" : 0.000000,
          "stddev" : 0.000000,
          "N" : 0
        },
        "clat_ns" : {
          "min" : 0,
          "max" : 0,
          "mean" : 0.000000,
          "stddev" : 0.000000,
          "N" : 0
        },
        "lat_ns" : {
          "min" : 0,
          "max" : 0,
          "mean" : 0.000000,
          "stddev" : 0.000000,
          "N" : 0
        },
        "bw_min" : 0,
        "bw_max" : 0,
        "bw_agg" : 0.000000,
        "bw_mean" : 0.000000,
        "bw_dev" : 0.000000,
        "bw_samples" : 0,
        "iops_min" : 0,
        "iops_max" : 0,
        "iops_mean" : 0.000000,
        "iops_stddev" : 0.000000,
        "iops_samples" : 0
      },
      "sync" : {
        "total_ios" : 0,
        "lat_ns" : {
          "min" : 0,
          "max" : 0,
          "mean" : 0.000000,
          "stddev" : 0.000000,
          "N" : 0
        }
      },
      "job_runtime" : 30001,
      "usr_cpu" : 2.029932,
      "sys_cpu" : 14.222859,
      "ctx" : 746975,
      "majf" : 0,
      "minf" : 0,
      "iodepth_level" : {
        "1" : 0.000000,
        "2" : 0.000000,
        "4" : 0.000000,
        "8" : 0.000000,
        "16" : 0.000000,
        "32" : 100.000000,
        ">=64" : 0.000000
      },
      "iodepth_submit" : {
        "0" : 0.000000,
        "4" : 100.000000,
        "8" : 0.000000,
        "16" : 0.000000,
        "32" : 0.000000,
        "64" : 0.000000,
        ">=64" : 0.000000
      },
      "iodepth_complete" : {
        "0" : 0.000000,
        "4" : 99.999891,
        "8" : 0.000000,
        "16" : 0.000000,
        "32" : 0.100000,
        "64" : 0.000000,
        ">=64" : 0.000000
      },
      "latency_ns" : {
        "2" : 0.000000,
        "4" : 0.000000,
        "10" : 0.000000,
        "20" : 0.000000,
        "50" : 6.652099,
        "100" : 0.605558,
        "250" : 1.948629,
        "500" : 0.050844,
        "750" : 0.012303,
        "1000" : 0.010000
      },
      "latency_us" : {
        "2" : 0.010000,
        "4" : 0.050844,
        "10" : 0.048776,
        "20" : 0.011432,
        "50" : 0.010000,
        "100" : 0.010000,
        "250" : 0.010000,
        "500" : 0.010000,
        "750" : 0.014480,
        "1000" : 14.869808
      },
      "latency_ms" : {
        "2" : 75.719549,
        "4" : 0.010000,
        "10" : 0.000000,
        "20" : 0.000000,
        "50" : 0.000000,
        "100" : 0.000000,
        "250" : 0.000000,
        "500" : 0.000000,
        "750" : 0.000000,
        "1000" : 0.000000,
        "2000" : 0.000000,
        ">=2000" : 0.000000
      },
      "latency_depth" : 32,
      "latency_target" : 0,
      "latency_percentile" : 100.000000,
      "latency_window" : 0
    }
  ],
  "disk_util" : [
    {
      "name" : "nvme1n1",
      "read_ios" : 970853,
      "write_ios" : 0,
      "read_sectors" : 62134592,
      "write_sectors" : 0,
      "read_merges" : 0,
      "write_merges" : 0,
      "read_ticks" : 1115735,
      "write_ticks" : 0,
      "in_queue" : 1115734,
      "util" : 89.654288
    }
  ]
}
