{
  "fio version" : "fio-3.36",
  "timestamp" : 1759355187,
  "timestamp_ms" : 1759355187975,
  "time" : "Wed Oct  1 17:46:27 2025",
  "jobs" : [
    {
      "jobname" : "randread_bs256k",
      "groupid" : 0,
      "job_start" : 1759355157953,
      "error" : 0,
      "eta" : 0,
      "elapsed" : 36,
      "job options" : {
        "name" : "randread_bs256k",
        "rw" : "randread",
        "bs" : "256k",
        "filename" : "/mnt/ssdtest/fio_testfile",
        "ioengine" : "io_uring",
        "direct" : "1",
        "time_based" : "1",
        "ramp_time" : "5",
        "runtime" : "30",
        "group_reporting" : "1",
        "numjobs" : "1",
        "iodepth" : "32",
        "thread" : "1",
        "percentile_list" : "50:95:99:99.9",
        "offset_align" : "4k",
        "size" : "64G"
      },
      "read" : {
        "io_bytes" : 80850452480,
        "io_kbytes" : 78955520,
        "bw_bytes" : 2694655795,
        "bw" : 2631499,
        "iops" : 10278.262898,
        "runtime" : 30004,
        "total_ios" : 308389,
        "short_ios" : 0,
        "drop_ios" : 0,
        "slat_ns" : {
          "min" : 3058,
          "max" : 408902,
          "mean" : 17651.575569,
          "stddev" : 10785.544927,
          "N" : 308389
        },
        "clat_ns" : {
          "min" : 29,
          "max" : 6024549,
          "mean" : 3095171.251067,
          "stddev" : 1021182.562069,
          "N" : 308420,
          "percentile" : {
            "50.000000" : 3358720,
            "95.000000" : 3817472,
            "99.000000" : 4014080,
            "99.900000" : 4358144
          }
        },
        "lat_ns" : {
          "min" : 3094,
          "max" : 6046407,
          "mean" : 3112822.472265,
          "stddev" : 1018315.960814,
          "N" : 308420
        },
        "bw_min" : 2430464,
        "bw_max" : 2672128,
        "bw_agg" : 100.000000,
        "bw_mean" : 2632745.916667,
        "bw_dev" : 30024.006329,
        "bw_samples" : 60,
        "iops_min" : 9494,
        "iops_max" : 10438,
        "iops_mean" : 10284.033333,
        "iops_stddev" : 117.281924,
        "iops_samples" : 60
      },
      "write" : {
        "io_bytes" : 0,
        "io_kbytes" : 0,
        "bw_bytes" : 0,
        "bw" : 0,
        "iops" : 0.000000,
        "runtime" : 0,
        "total_ios" : 0,
        "short_ios" : 0,
        "drop_ios" : 0,
        "slat_ns" : {
          "min" : 0,
          "max" : 0,
          "mean" : 0.000000,
          "stddev" : 0.000000,
          "N" : 0
        },
        "clat_ns" : {
          "min" : 0,
          "max" : 0,
          "mean" : 0.000000,
          "stddev" : 0.000000,
          "N" : 0
        },
        "lat_ns" : {
          "min" : 0,
          "max" : 0,
          "mean" : 0.000000,
          "stddev" : 0.000000,
          "N" : 0
        },
        "bw_min" : 0,
        "bw_max" : 0,
        "bw_agg" : 0.000000,
        "bw_mean" : 0.000000,
        "bw_dev" : 0.000000,
        "bw_samples" : 0,
        "iops_min" : 0,
        "iops_max" : 0,
        "iops_mean" : 0.000000,
        "iops_stddev" : 0.000000,
        "iops_samples" : 0
      },
      "trim" : {
        "io_bytes" : 0,
        "io_kbytes" : 0,
        "bw_bytes" : 0,
        "bw" : 0,
        "iops" : 0.000000,
        "runtime" : 0,
        "total_ios" : 0,
        "short_ios" : 0,
        "drop_ios" : 0,
        "slat_ns" : {
          "min" : 0,
          "max" : 0,
          "mean" : 0.000000,
          "stddev" : 0.000000,
          "N" : 0
        },
        "clat_ns" : {
          "min" : 0,
          "max" : 0,
          "mean" : 0.000000,
          "stddev" : 0.000000,
          "N" : 0
        },
        "lat_ns" : {
          "min" : 0,
          "max" : 0,
          "mean" : 0.000000,
          "stddev" : 0.000000,
          "N" : 0
        },
        "bw_min" : 0,
        "bw_max" : 0,
        "bw_agg" : 0.000000,
        "bw_mean" : 0.000000,
        "bw_dev" : 0.000000,
        "bw_samples" : 0,
        "iops_min" : 0,
        "iops_max" : 0,
        "iops_mean" : 0.000000,
        "iops_stddev" : 0.000000,
        "iops_samples" : 0
      },
      "sync" : {
        "total_ios" : 0,
        "lat_ns" : {
          "min" : 0,
          "max" : 0,
          "mean" : 0.000000,
          "stddev" : 0.000000,
          "N" : 0
        }
      },
      "job_runtime" : 30003,
      "usr_cpu" : 0.543279,
      "sys_cpu" : 20.151318,
      "ctx" : 274017,
      "majf" : 0,
      "minf" : 0,
      "iodepth_level" : {
        "1" : 0.000000,
        "2" : 0.000000,
        "4" : 0.000000,
        "8" : 0.000000,
        "16" : 0.000000,
        "32" : 100.000000,
        ">=64" : 0.000000
      },
      "iodepth_submit" : {
        "0" : 0.000000,
        "4" : 100.000000,
        "8" : 0.000000,
        "16" : 0.000000,
        "32" : 0.000000,
        "64" : 0.000000,
        ">=64" : 0.000000
      },
      "iodepth_complete" : {
        "0" : 0.000000,
        "4" : 99.999676,
        "8" : 0.000000,
        "16" : 0.000000,
        "32" : 0.100000,
        "64" : 0.000000,
        ">=64" : 0.000000
      },
      "latency_ns" : {
        "2" : 0.000000,
        "4" : 0.000000,
        "10" : 0.000000,
        "20" : 0.000000,
        "50" : 6.233685,
        "100" : 1.386560,
        "250" : 1.368077,
        "500" : 0.169591,
        "750" : 0.079769,
        "1000" : 0.038263
      },
      "latency_us" : {
        "2" : 0.028860,
        "4" : 0.010000,
        "10" : 0.010000,
        "20" : 0.010000,
        "50" : 0.032427,
        "100" : 0.017510,
        "250" : 0.011674,
        "500" : 0.010000,
        "750" : 0.000000,
        "1000" : 0.000000
      },
      "latency_ms" : {
        "2" : 0.011025,
        "4" : 89.457795,
        "10" : 1.155359,
        "20" : 0.000000,
        "50" : 0.000000,
        "100" : 0.000000,
        "250" : 0.000000,
        "500" : 0.000000,
        "750" : 0.000000,
        "1000" : 0.000000,
        "2000" : 0.000000,
        ">=2000" : 0.000000
      },
      "latency_depth" : 32,
      "latency_target" : 0,
      "latency_percentile" : 100.000000,
      "latency_window" : 0
    }
  ],
  "disk_util" : [
    {
      "name" : "nvme1n1",
      "read_ios" : 651979,
      "write_ios" : 0,
      "read_sectors" : 166906488,
      "write_sectors" : 0,
      "read_merges" : 0,
      "write_merges" : 0,
      "read_ticks" : 2197131,
      "write_ticks" : 0,
      "in_queue" : 2197131,
      "util" : 91.944817
    }
  ]
}
