{
  "fio version" : "fio-3.36",
  "timestamp" : 1759354976,
  "timestamp_ms" : 1759354976319,
  "time" : "Wed Oct  1 17:42:56 2025",
  "jobs" : [
    {
      "jobname" : "randread_bs1m",
      "groupid" : 0,
      "job_start" : 1759354946298,
      "error" : 0,
      "eta" : 0,
      "elapsed" : 36,
      "job options" : {
        "name" : "randread_bs1m",
        "rw" : "randread",
        "bs" : "1m",
        "filename" : "/mnt/ssdtest/fio_testfile",
        "ioengine" : "io_uring",
        "direct" : "1",
        "time_based" : "1",
        "ramp_time" : "5",
        "runtime" : "30",
        "group_reporting" : "1",
        "numjobs" : "1",
        "iodepth" : "32",
        "thread" : "1",
        "percentile_list" : "50:95:99:99.9",
        "offset_align" : "4k",
        "size" : "64G"
      },
      "read" : {
        "io_bytes" : 92180316160,
        "io_kbytes" : 90019840,
        "bw_bytes" : 3071550969,
        "bw" : 2999561,
        "iops" : 2928.226317,
        "runtime" : 30011,
        "total_ios" : 87879,
        "short_ios" : 0,
        "drop_ios" : 0,
        "slat_ns" : {
          "min" : 11368,
          "max" : 953266,
          "mean" : 29322.260369,
          "stddev" : 36036.922061,
          "N" : 87879
        },
        "clat_ns" : {
          "min" : 30,
          "max" : 41343520,
          "mean" : 10896055.893095,
          "stddev" : 4807424.894132,
          "N" : 87910,
          "percentile" : {
            "50.000000" : 10813440,
            "95.000000" : 19529728,
            "99.000000" : 25296896,
            "99.900000" : 30539776
          }
        },
        "lat_ns" : {
          "min" : 11423,
          "max" : 41408197,
          "mean" : 10925374.181572,
          "stddev" : 4788617.196708,
          "N" : 87910
        },
        "bw_min" : 2521088,
        "bw_max" : 3388024,
        "bw_agg" : 100.000000,
        "bw_mean" : 3000985.300000,
        "bw_dev" : 225724.225525,
        "bw_samples" : 60,
        "iops_min" : 2462,
        "iops_max" : 3308,
        "iops_mean" : 2930.533333,
        "iops_stddev" : 220.406978,
        "iops_samples" : 60
      },
      "write" : {
        "io_bytes" : 0,
        "io_kbytes" : 0,
        "bw_bytes" : 0,
        "bw" : 0,
        "iops" : 0.000000,
        "runtime" : 0,
        "total_ios" : 0,
        "short_ios" : 0,
        "drop_ios" : 0,
        "slat_ns" : {
          "min" : 0,
          "max" : 0,
          "mean" : 0.000000,
          "stddev" : 0.000000,
          "N" : 0
        },
        "clat_ns" : {
          "min" : 0,
          "max" : 0,
          "mean" : 0.000000,
          "stddev" : 0.000000,
          "N" : 0
        },
        "lat_ns" : {
          "min" : 0,
          "max" : 0,
          "mean" : 0.000000,
          "stddev" : 0.000000,
          "N" : 0
        },
        "bw_min" : 0,
        "bw_max" : 0,
        "bw_agg" : 0.000000,
        "bw_mean" : 0.000000,
        "bw_dev" : 0.000000,
        "bw_samples" : 0,
        "iops_min" : 0,
        "iops_max" : 0,
        "iops_mean" : 0.000000,
        "iops_stddev" : 0.000000,
        "iops_samples" : 0
      },
      "trim" : {
        "io_bytes" : 0,
        "io_kbytes" : 0,
        "bw_bytes" : 0,
        "bw" : 0,
        "iops" : 0.000000,
        "runtime" : 0,
        "total_ios" : 0,
        "short_ios" : 0,
        "drop_ios" : 0,
        "slat_ns" : {
          "min" : 0,
          "max" : 0,
          "mean" : 0.000000,
          "stddev" : 0.000000,
          "N" : 0
        },
        "clat_ns" : {
          "min" : 0,
          "max" : 0,
          "mean" : 0.000000,
          "stddev" : 0.000000,
          "N" : 0
        },
        "lat_ns" : {
          "min" : 0,
          "max" : 0,
          "mean" : 0.000000,
          "stddev" : 0.000000,
          "N" : 0
        },
        "bw_min" : 0,
        "bw_max" : 0,
        "bw_agg" : 0.000000,
        "bw_mean" : 0.000000,
        "bw_dev" : 0.000000,
        "bw_samples" : 0,
        "iops_min" : 0,
        "iops_max" : 0,
        "iops_mean" : 0.000000,
        "iops_stddev" : 0.000000,
        "iops_samples" : 0
      },
      "sync" : {
        "total_ios" : 0,
        "lat_ns" : {
          "min" : 0,
          "max" : 0,
          "mean" : 0.000000,
          "stddev" : 0.000000,
          "N" : 0
        }
      },
      "job_runtime" : 30010,
      "usr_cpu" : 0.249917,
      "sys_cpu" : 9.543486,
      "ctx" : 79124,
      "majf" : 0,
      "minf" : 0,
      "iodepth_level" : {
        "1" : 0.000000,
        "2" : 0.000000,
        "4" : 0.000000,
        "8" : 0.000000,
        "16" : 0.000000,
        "32" : 100.000000,
        ">=64" : 0.000000
      },
      "iodepth_submit" : {
        "0" : 0.000000,
        "4" : 100.000000,
        "8" : 0.000000,
        "16" : 0.000000,
        "32" : 0.000000,
        "64" : 0.000000,
        ">=64" : 0.000000
      },
      "iodepth_complete" : {
        "0" : 0.000000,
        "4" : 99.998862,
        "8" : 0.000000,
        "16" : 0.000000,
        "32" : 0.100000,
        "64" : 0.000000,
        ">=64" : 0.000000
      },
      "latency_ns" : {
        "2" : 0.000000,
        "4" : 0.000000,
        "10" : 0.000000,
        "20" : 0.000000,
        "50" : 3.552612,
        "100" : 2.643407,
        "250" : 2.049409,
        "500" : 0.442654,
        "750" : 0.328861,
        "1000" : 0.114931
      },
      "latency_us" : {
        "2" : 0.114931,
        "4" : 0.054621,
        "10" : 0.015931,
        "20" : 0.015931,
        "50" : 0.018207,
        "100" : 0.010000,
        "250" : 0.010000,
        "500" : 0.010000,
        "750" : 0.010000,
        "1000" : 0.000000
      },
      "latency_ms" : {
        "2" : 0.000000,
        "4" : 0.193448,
        "10" : 5.913813,
        "20" : 79.954255,
        "50" : 4.604058,
        "100" : 0.000000,
        "250" : 0.000000,
        "500" : 0.000000,
        "750" : 0.000000,
        "1000" : 0.000000,
        "2000" : 0.000000,
        ">=2000" : 0.000000
      },
      "latency_depth" : 32,
      "latency_target" : 0,
      "latency_percentile" : 100.000000,
      "latency_window" : 0
    }
  ],
  "disk_util" : [
    {
      "name" : "nvme1n1",
      "read_ios" : 725934,
      "write_ios" : 0,
      "read_sectors" : 185838832,
      "write_sectors" : 0,
      "read_merges" : 0,
      "write_merges" : 0,
      "read_ticks" : 8200565,
      "write_ticks" : 0,
      "in_queue" : 8200565,
      "util" : 91.070003
    }
  ]
}
