{
  "fio version" : "fio-3.36",
  "timestamp" : 1759355152,
  "timestamp_ms" : 1759355152695,
  "time" : "Wed Oct  1 17:45:52 2025",
  "jobs" : [
    {
      "jobname" : "randread_bs128k",
      "groupid" : 0,
      "job_start" : 1759355122682,
      "error" : 0,
      "eta" : 0,
      "elapsed" : 36,
      "job options" : {
        "name" : "randread_bs128k",
        "rw" : "randread",
        "bs" : "128k",
        "filename" : "/mnt/ssdtest/fio_testfile",
        "ioengine" : "io_uring",
        "direct" : "1",
        "time_based" : "1",
        "ramp_time" : "5",
        "runtime" : "30",
        "group_reporting" : "1",
        "numjobs" : "1",
        "iodepth" : "32",
        "thread" : "1",
        "percentile_list" : "50:95:99:99.9",
        "offset_align" : "4k",
        "size" : "64G"
      },
      "read" : {
        "io_bytes" : 69602902016,
        "io_kbytes" : 67971584,
        "bw_bytes" : 2319942071,
        "bw" : 2265568,
        "iops" : 17698.720085,
        "runtime" : 30002,
        "total_ios" : 530997,
        "short_ios" : 0,
        "drop_ios" : 0,
        "slat_ns" : {
          "min" : 1622,
          "max" : 199329,
          "mean" : 6883.281452,
          "stddev" : 4935.133634,
          "N" : 530997
        },
        "clat_ns" : {
          "min" : 29,
          "max" : 4559733,
          "mean" : 1800797.640686,
          "stddev" : 599323.576696,
          "N" : 531028,
          "percentile" : {
            "50.000000" : 1957888,
            "95.000000" : 2244608,
            "99.000000" : 2408448,
            "99.900000" : 2605056
          }
        },
        "lat_ns" : {
          "min" : 1708,
          "max" : 4566589,
          "mean" : 1807680.902139,
          "stddev" : 597370.752623,
          "N" : 531028
        },
        "bw_min" : 2244864,
        "bw_max" : 2291200,
        "bw_agg" : 100.000000,
        "bw_mean" : 2266575.450000,
        "bw_dev" : 10519.614117,
        "bw_samples" : 60,
        "iops_min" : 17538,
        "iops_max" : 17900,
        "iops_mean" : 17707.533333,
        "iops_stddev" : 82.169413,
        "iops_samples" : 60
      },
      "write" : {
        "io_bytes" : 0,
        "io_kbytes" : 0,
        "bw_bytes" : 0,
        "bw" : 0,
        "iops" : 0.000000,
        "runtime" : 0,
        "total_ios" : 0,
        "short_ios" : 0,
        "drop_ios" : 0,
        "slat_ns" : {
          "min" : 0,
          "max" : 0,
          "mean" : 0.000000,
          "stddev" : 0.000000,
          "N" : 0
        },
        "clat_ns" : {
          "min" : 0,
          "max" : 0,
          "mean" : 0.000000,
          "stddev" : 0.000000,
          "N" : 0
        },
        "lat_ns" : {
          "min" : 0,
          "max" : 0,
          "mean" : 0.000000,
          "stddev" : 0.000000,
          "N" : 0
        },
        "bw_min" : 0,
        "bw_max" : 0,
        "bw_agg" : 0.000000,
        "bw_mean" : 0.000000,
        "bw_dev" : 0.000000,
        "bw_samples" : 0,
        "iops_min" : 0,
        "iops_max" : 0,
        "iops_mean" : 0.000000,
        "iops_stddev" : 0.000000,
        "iops_samples" : 0
      },
      "trim" : {
        "io_bytes" : 0,
        "io_kbytes" : 0,
        "bw_bytes" : 0,
        "bw" : 0,
        "iops" : 0.000000,
        "runtime" : 0,
        "total_ios" : 0,
        "short_ios" : 0,
        "drop_ios" : 0,
        "slat_ns" : {
          "min" : 0,
          "max" : 0,
          "mean" : 0.000000,
          "stddev" : 0.000000,
          "N" : 0
        },
        "clat_ns" : {
          "min" : 0,
          "max" : 0,
          "mean" : 0.000000,
          "stddev" : 0.000000,
          "N" : 0
        },
        "lat_ns" : {
          "min" : 0,
          "max" : 0,
          "mean" : 0.000000,
          "stddev" : 0.000000,
          "N" : 0
        },
        "bw_min" : 0,
        "bw_max" : 0,
        "bw_agg" : 0.000000,
        "bw_mean" : 0.000000,
        "bw_dev" : 0.000000,
        "bw_samples" : 0,
        "iops_min" : 0,
        "iops_max" : 0,
        "iops_mean" : 0.000000,
        "iops_stddev" : 0.000000,
        "iops_samples" : 0
      },
      "sync" : {
        "total_ios" : 0,
        "lat_ns" : {
          "min" : 0,
          "max" : 0,
          "mean" : 0.000000,
          "stddev" : 0.000000,
          "N" : 0
        }
      },
      "job_runtime" : 30001,
      "usr_cpu" : 1.193294,
      "sys_cpu" : 14.722843,
      "ctx" : 452440,
      "majf" : 0,
      "minf" : 0,
      "iodepth_level" : {
        "1" : 0.000000,
        "2" : 0.000000,
        "4" : 0.000000,
        "8" : 0.000000,
        "16" : 0.000000,
        "32" : 100.000000,
        ">=64" : 0.000000
      },
      "iodepth_submit" : {
        "0" : 0.000000,
        "4" : 100.000000,
        "8" : 0.000000,
        "16" : 0.000000,
        "32" : 0.000000,
        "64" : 0.000000,
        ">=64" : 0.000000
      },
      "iodepth_complete" : {
        "0" : 0.000000,
        "4" : 99.999812,
        "8" : 0.000000,
        "16" : 0.000000,
        "32" : 0.100000,
        "64" : 0.000000,
        ">=64" : 0.000000
      },
      "latency_ns" : {
        "2" : 0.000000,
        "4" : 0.000000,
        "10" : 0.000000,
        "20" : 0.000000,
        "50" : 5.805683,
        "100" : 1.426562,
        "250" : 1.795114,
        "500" : 0.109417,
        "750" : 0.050283,
        "1000" : 0.016196
      },
      "latency_us" : {
        "2" : 0.016196,
        "4" : 0.010000,
        "10" : 0.069492,
        "20" : 0.027495,
        "50" : 0.013748,
        "100" : 0.010000,
        "250" : 0.010000,
        "500" : 0.010000,
        "750" : 0.010000,
        "1000" : 0.010000
      },
      "latency_ms" : {
        "2" : 50.039831,
        "4" : 40.609269,
        "10" : 0.010000,
        "20" : 0.000000,
        "50" : 0.000000,
        "100" : 0.000000,
        "250" : 0.000000,
        "500" : 0.000000,
        "750" : 0.000000,
        "1000" : 0.000000,
        "2000" : 0.000000,
        ">=2000" : 0.000000
      },
      "latency_depth" : 32,
      "latency_target" : 0,
      "latency_percentile" : 100.000000,
      "latency_window" : 0
    }
  ],
  "disk_util" : [
    {
      "name" : "nvme1n1",
      "read_ios" : 561364,
      "write_ios" : 0,
      "read_sectors" : 143709048,
      "write_sectors" : 0,
      "read_merges" : 0,
      "write_merges" : 0,
      "read_ticks" : 1115930,
      "write_ticks" : 0,
      "in_queue" : 1115930,
      "util" : 90.208933
    }
  ]
}
