{
  "fio version" : "fio-3.36",
  "timestamp" : 1759355223,
  "timestamp_ms" : 1759355223257,
  "time" : "Wed Oct  1 17:47:03 2025",
  "jobs" : [
    {
      "jobname" : "randread_bs512k",
      "groupid" : 0,
      "job_start" : 1759355193238,
      "error" : 0,
      "eta" : 0,
      "elapsed" : 36,
      "job options" : {
        "name" : "randread_bs512k",
        "rw" : "randread",
        "bs" : "512k",
        "filename" : "/mnt/ssdtest/fio_testfile",
        "ioengine" : "io_uring",
        "direct" : "1",
        "time_based" : "1",
        "ramp_time" : "5",
        "runtime" : "30",
        "group_reporting" : "1",
        "numjobs" : "1",
        "iodepth" : "32",
        "thread" : "1",
        "percentile_list" : "50:95:99:99.9",
        "offset_align" : "4k",
        "size" : "64G"
      },
      "read" : {
        "io_bytes" : 89772785664,
        "io_kbytes" : 87668736,
        "bw_bytes" : 2991827823,
        "bw" : 2921706,
        "iops" : 5705.425582,
        "runtime" : 30006,
        "total_ios" : 171197,
        "short_ios" : 0,
        "drop_ios" : 0,
        "slat_ns" : {
          "min" : 5842,
          "max" : 424810,
          "mean" : 22843.975730,
          "stddev" : 10277.389426,
          "N" : 171197
        },
        "clat_ns" : {
          "min" : 29,
          "max" : 13552830,
          "mean" : 5585213.741795,
          "stddev" : 1972985.921999,
          "N" : 171228,
          "percentile" : {
            "50.000000" : 5931008,
            "95.000000" : 7700480,
            "99.000000" : 9502720,
            "99.900000" : 10813440
          }
        },
        "lat_ns" : {
          "min" : 5912,
          "max" : 13573244,
          "mean" : 5608057.199033,
          "stddev" : 1966140.645568,
          "N" : 171228
        },
        "bw_min" : 2798592,
        "bw_max" : 3070976,
        "bw_agg" : 100.000000,
        "bw_mean" : 2922787.800000,
        "bw_dev" : 70223.486814,
        "bw_samples" : 60,
        "iops_min" : 5466,
        "iops_max" : 5998,
        "iops_mean" : 5708.516667,
        "iops_stddev" : 137.092508,
        "iops_samples" : 60
      },
      "write" : {
        "io_bytes" : 0,
        "io_kbytes" : 0,
        "bw_bytes" : 0,
        "bw" : 0,
        "iops" : 0.000000,
        "runtime" : 0,
        "total_ios" : 0,
        "short_ios" : 0,
        "drop_ios" : 0,
        "slat_ns" : {
          "min" : 0,
          "max" : 0,
          "mean" : 0.000000,
          "stddev" : 0.000000,
          "N" : 0
        },
        "clat_ns" : {
          "min" : 0,
          "max" : 0,
          "mean" : 0.000000,
          "stddev" : 0.000000,
          "N" : 0
        },
        "lat_ns" : {
          "min" : 0,
          "max" : 0,
          "mean" : 0.000000,
          "stddev" : 0.000000,
          "N" : 0
        },
        "bw_min" : 0,
        "bw_max" : 0,
        "bw_agg" : 0.000000,
        "bw_mean" : 0.000000,
        "bw_dev" : 0.000000,
        "bw_samples" : 0,
        "iops_min" : 0,
        "iops_max" : 0,
        "iops_mean" : 0.000000,
        "iops_stddev" : 0.000000,
        "iops_samples" : 0
      },
      "trim" : {
        "io_bytes" : 0,
        "io_kbytes" : 0,
        "bw_bytes" : 0,
        "bw" : 0,
        "iops" : 0.000000,
        "runtime" : 0,
        "total_ios" : 0,
        "short_ios" : 0,
        "drop_ios" : 0,
        "slat_ns" : {
          "min" : 0,
          "max" : 0,
          "mean" : 0.000000,
          "stddev" : 0.000000,
          "N" : 0
        },
        "clat_ns" : {
          "min" : 0,
          "max" : 0,
          "mean" : 0.000000,
          "stddev" : 0.000000,
          "N" : 0
        },
        "lat_ns" : {
          "min" : 0,
          "max" : 0,
          "mean" : 0.000000,
          "stddev" : 0.000000,
          "N" : 0
        },
        "bw_min" : 0,
        "bw_max" : 0,
        "bw_agg" : 0.000000,
        "bw_mean" : 0.000000,
        "bw_dev" : 0.000000,
        "bw_samples" : 0,
        "iops_min" : 0,
        "iops_max" : 0,
        "iops_mean" : 0.000000,
        "iops_stddev" : 0.000000,
        "iops_samples" : 0
      },
      "sync" : {
        "total_ios" : 0,
        "lat_ns" : {
          "min" : 0,
          "max" : 0,
          "mean" : 0.000000,
          "stddev" : 0.000000,
          "N" : 0
        }
      },
      "job_runtime" : 30005,
      "usr_cpu" : 0.309948,
      "sys_cpu" : 14.380937,
      "ctx" : 154349,
      "majf" : 0,
      "minf" : 0,
      "iodepth_level" : {
        "1" : 0.000000,
        "2" : 0.000000,
        "4" : 0.000000,
        "8" : 0.000000,
        "16" : 0.000000,
        "32" : 100.000000,
        ">=64" : 0.000000
      },
      "iodepth_submit" : {
        "0" : 0.000000,
        "4" : 100.000000,
        "8" : 0.000000,
        "16" : 0.000000,
        "32" : 0.000000,
        "64" : 0.000000,
        ">=64" : 0.000000
      },
      "iodepth_complete" : {
        "0" : 0.000000,
        "4" : 99.999416,
        "8" : 0.000000,
        "16" : 0.000000,
        "32" : 0.100000,
        "64" : 0.000000,
        ">=64" : 0.000000
      },
      "latency_ns" : {
        "2" : 0.000000,
        "4" : 0.000000,
        "10" : 0.000000,
        "20" : 0.000000,
        "50" : 5.831294,
        "100" : 1.715567,
        "250" : 1.497690,
        "500" : 0.189840,
        "750" : 0.076520,
        "1000" : 0.023949
      },
      "latency_us" : {
        "2" : 0.017524,
        "4" : 0.011098,
        "10" : 0.000000,
        "20" : 0.010000,
        "50" : 0.017524,
        "100" : 0.012267,
        "250" : 0.045562,
        "500" : 0.017524,
        "750" : 0.000000,
        "1000" : 0.000000
      },
      "latency_ms" : {
        "2" : 0.000000,
        "4" : 0.481317,
        "10" : 89.586266,
        "20" : 0.485406,
        "50" : 0.000000,
        "100" : 0.000000,
        "250" : 0.000000,
        "500" : 0.000000,
        "750" : 0.000000,
        "1000" : 0.000000,
        "2000" : 0.000000,
        ">=2000" : 0.000000
      },
      "latency_depth" : 32,
      "latency_target" : 0,
      "latency_percentile" : 100.000000,
      "latency_window" : 0
    }
  ],
  "disk_util" : [
    {
      "name" : "nvme1n1",
      "read_ios" : 721708,
      "write_ios" : 0,
      "read_sectors" : 184756976,
      "write_sectors" : 0,
      "read_merges" : 0,
      "write_merges" : 0,
      "read_ticks" : 4393956,
      "write_ticks" : 0,
      "in_queue" : 4393956,
      "util" : 90.474833
    }
  ]
}
