{
  "fio version" : "fio-3.36",
  "timestamp" : 1759354940,
  "timestamp_ms" : 1759354940831,
  "time" : "Wed Oct  1 17:42:20 2025",
  "jobs" : [
    {
      "jobname" : "randread_bs512k",
      "groupid" : 0,
      "job_start" : 1759354910809,
      "error" : 0,
      "eta" : 0,
      "elapsed" : 36,
      "job options" : {
        "name" : "randread_bs512k",
        "rw" : "randread",
        "bs" : "512k",
        "filename" : "/mnt/ssdtest/fio_testfile",
        "ioengine" : "io_uring",
        "direct" : "1",
        "time_based" : "1",
        "ramp_time" : "5",
        "runtime" : "30",
        "group_reporting" : "1",
        "numjobs" : "1",
        "iodepth" : "32",
        "thread" : "1",
        "percentile_list" : "50:95:99:99.9",
        "offset_align" : "4k",
        "size" : "64G"
      },
      "read" : {
        "io_bytes" : 70590136320,
        "io_kbytes" : 68935680,
        "bw_bytes" : 2352769267,
        "bw" : 2297626,
        "iops" : 4486.518015,
        "runtime" : 30003,
        "total_ios" : 134609,
        "short_ios" : 0,
        "drop_ios" : 0,
        "slat_ns" : {
          "min" : 5876,
          "max" : 9764949,
          "mean" : 81172.529489,
          "stddev" : 390294.962722,
          "N" : 134609
        },
        "clat_ns" : {
          "min" : 30,
          "max" : 43622988,
          "mean" : 7047959.639342,
          "stddev" : 4871337.199175,
          "N" : 134640,
          "percentile" : {
            "50.000000" : 5996544,
            "95.000000" : 17170432,
            "99.000000" : 28704768,
            "99.900000" : 33816576
          }
        },
        "lat_ns" : {
          "min" : 5925,
          "max" : 43688532,
          "mean" : 7129116.049644,
          "stddev" : 5030526.128410,
          "N" : 134640
        },
        "bw_min" : 568095,
        "bw_max" : 3074048,
        "bw_agg" : 100.000000,
        "bw_mean" : 2324311.661017,
        "bw_dev" : 901126.890412,
        "bw_samples" : 59,
        "iops_min" : 1109,
        "iops_max" : 6004,
        "iops_mean" : 4539.423729,
        "iops_stddev" : 1760.153551,
        "iops_samples" : 59
      },
      "write" : {
        "io_bytes" : 0,
        "io_kbytes" : 0,
        "bw_bytes" : 0,
        "bw" : 0,
        "iops" : 0.000000,
        "runtime" : 0,
        "total_ios" : 0,
        "short_ios" : 0,
        "drop_ios" : 0,
        "slat_ns" : {
          "min" : 0,
          "max" : 0,
          "mean" : 0.000000,
          "stddev" : 0.000000,
          "N" : 0
        },
        "clat_ns" : {
          "min" : 0,
          "max" : 0,
          "mean" : 0.000000,
          "stddev" : 0.000000,
          "N" : 0
        },
        "lat_ns" : {
          "min" : 0,
          "max" : 0,
          "mean" : 0.000000,
          "stddev" : 0.000000,
          "N" : 0
        },
        "bw_min" : 0,
        "bw_max" : 0,
        "bw_agg" : 0.000000,
        "bw_mean" : 0.000000,
        "bw_dev" : 0.000000,
        "bw_samples" : 0,
        "iops_min" : 0,
        "iops_max" : 0,
        "iops_mean" : 0.000000,
        "iops_stddev" : 0.000000,
        "iops_samples" : 0
      },
      "trim" : {
        "io_bytes" : 0,
        "io_kbytes" : 0,
        "bw_bytes" : 0,
        "bw" : 0,
        "iops" : 0.000000,
        "runtime" : 0,
        "total_ios" : 0,
        "short_ios" : 0,
        "drop_ios" : 0,
        "slat_ns" : {
          "min" : 0,
          "max" : 0,
          "mean" : 0.000000,
          "stddev" : 0.000000,
          "N" : 0
        },
        "clat_ns" : {
          "min" : 0,
          "max" : 0,
          "mean" : 0.000000,
          "stddev" : 0.000000,
          "N" : 0
        },
        "lat_ns" : {
          "min" : 0,
          "max" : 0,
          "mean" : 0.000000,
          "stddev" : 0.000000,
          "N" : 0
        },
        "bw_min" : 0,
        "bw_max" : 0,
        "bw_agg" : 0.000000,
        "bw_mean" : 0.000000,
        "bw_dev" : 0.000000,
        "bw_samples" : 0,
        "iops_min" : 0,
        "iops_max" : 0,
        "iops_mean" : 0.000000,
        "iops_stddev" : 0.000000,
        "iops_samples" : 0
      },
      "sync" : {
        "total_ios" : 0,
        "lat_ns" : {
          "min" : 0,
          "max" : 0,
          "mean" : 0.000000,
          "stddev" : 0.000000,
          "N" : 0
        }
      },
      "job_runtime" : 30002,
      "usr_cpu" : 0.929938,
      "sys_cpu" : 22.288514,
      "ctx" : 107171,
      "majf" : 0,
      "minf" : 0,
      "iodepth_level" : {
        "1" : 0.000000,
        "2" : 0.000000,
        "4" : 0.000000,
        "8" : 0.000000,
        "16" : 0.000000,
        "32" : 100.000000,
        ">=64" : 0.000000
      },
      "iodepth_submit" : {
        "0" : 0.000000,
        "4" : 100.000000,
        "8" : 0.000000,
        "16" : 0.000000,
        "32" : 0.000000,
        "64" : 0.000000,
        ">=64" : 0.000000
      },
      "iodepth_complete" : {
        "0" : 0.000000,
        "4" : 99.999257,
        "8" : 0.000000,
        "16" : 0.000000,
        "32" : 0.100000,
        "64" : 0.000000,
        ">=64" : 0.000000
      },
      "latency_ns" : {
        "2" : 0.000000,
        "4" : 0.000000,
        "10" : 0.000000,
        "20" : 0.000000,
        "50" : 3.707776,
        "100" : 1.739854,
        "250" : 2.120215,
        "500" : 0.214696,
        "750" : 0.164179,
        "1000" : 0.044574
      },
      "latency_us" : {
        "2" : 0.052002,
        "4" : 0.020058,
        "10" : 0.010000,
        "20" : 0.023030,
        "50" : 0.037888,
        "100" : 0.032687,
        "250" : 0.071318,
        "500" : 0.026001,
        "750" : 0.010000,
        "1000" : 0.010000
      },
      "latency_ms" : {
        "2" : 0.022287,
        "4" : 0.491052,
        "10" : 78.882541,
        "20" : 8.956310,
        "50" : 3.395018,
        "100" : 0.000000,
        "250" : 0.000000,
        "500" : 0.000000,
        "750" : 0.000000,
        "1000" : 0.000000,
        "2000" : 0.000000,
        ">=2000" : 0.000000
      },
      "latency_depth" : 32,
      "latency_target" : 0,
      "latency_percentile" : 100.000000,
      "latency_window" : 0
    }
  ],
  "disk_util" : [
    {
      "name" : "nvme1n1",
      "read_ios" : 587506,
      "write_ios" : 0,
      "read_sectors" : 150401264,
      "write_sectors" : 0,
      "read_merges" : 0,
      "write_merges" : 0,
      "read_ticks" : 3254754,
      "write_ticks" : 0,
      "in_queue" : 3254753,
      "util" : 77.591848
    }
  ]
}
