{
  "fio version" : "fio-3.36",
  "timestamp" : 1759354764,
  "timestamp_ms" : 1759354764450,
  "time" : "Wed Oct  1 17:39:24 2025",
  "jobs" : [
    {
      "jobname" : "randread_bs16k",
      "groupid" : 0,
      "job_start" : 1759354734431,
      "error" : 0,
      "eta" : 0,
      "elapsed" : 36,
      "job options" : {
        "name" : "randread_bs16k",
        "rw" : "randread",
        "bs" : "16k",
        "filename" : "/mnt/ssdtest/fio_testfile",
        "ioengine" : "io_uring",
        "direct" : "1",
        "time_based" : "1",
        "ramp_time" : "5",
        "runtime" : "30",
        "group_reporting" : "1",
        "numjobs" : "1",
        "iodepth" : "32",
        "thread" : "1",
        "percentile_list" : "50:95:99:99.9",
        "offset_align" : "4k",
        "size" : "64G"
      },
      "read" : {
        "io_bytes" : 19732103168,
        "io_kbytes" : 19269632,
        "bw_bytes" : 657714848,
        "bw" : 642299,
        "iops" : 40142.695243,
        "runtime" : 30001,
        "total_ios" : 1204321,
        "short_ios" : 0,
        "drop_ios" : 0,
        "slat_ns" : {
          "min" : 391,
          "max" : 154781,
          "mean" : 2402.185665,
          "stddev" : 1613.531713,
          "N" : 1204321
        },
        "clat_ns" : {
          "min" : 28,
          "max" : 2278825,
          "mean" : 794443.258132,
          "stddev" : 339730.511080,
          "N" : 1204352,
          "percentile" : {
            "50.000000" : 847872,
            "95.000000" : 1236992,
            "99.000000" : 1384448,
            "99.900000" : 1548288
          }
        },
        "lat_ns" : {
          "min" : 425,
          "max" : 2282137,
          "mean" : 796845.436062,
          "stddev" : 339771.299416,
          "N" : 1204352
        },
        "bw_min" : 636928,
        "bw_max" : 650784,
        "bw_agg" : 100.000000,
        "bw_mean" : 642555.716667,
        "bw_dev" : 2899.867753,
        "bw_samples" : 60,
        "iops_min" : 39808,
        "iops_max" : 40674,
        "iops_mean" : 40159.633333,
        "iops_stddev" : 181.298515,
        "iops_samples" : 60
      },
      "write" : {
        "io_bytes" : 0,
        "io_kbytes" : 0,
        "bw_bytes" : 0,
        "bw" : 0,
        "iops" : 0.000000,
        "runtime" : 0,
        "total_ios" : 0,
        "short_ios" : 0,
        "drop_ios" : 0,
        "slat_ns" : {
          "min" : 0,
          "max" : 0,
          "mean" : 0.000000,
          "stddev" : 0.000000,
          "N" : 0
        },
        "clat_ns" : {
          "min" : 0,
          "max" : 0,
          "mean" : 0.000000,
          "stddev" : 0.000000,
          "N" : 0
        },
        "lat_ns" : {
          "min" : 0,
          "max" : 0,
          "mean" : 0.000000,
          "stddev" : 0.000000,
          "N" : 0
        },
        "bw_min" : 0,
        "bw_max" : 0,
        "bw_agg" : 0.000000,
        "bw_mean" : 0.000000,
        "bw_dev" : 0.000000,
        "bw_samples" : 0,
        "iops_min" : 0,
        "iops_max" : 0,
        "iops_mean" : 0.000000,
        "iops_stddev" : 0.000000,
        "iops_samples" : 0
      },
      "trim" : {
        "io_bytes" : 0,
        "io_kbytes" : 0,
        "bw_bytes" : 0,
        "bw" : 0,
        "iops" : 0.000000,
        "runtime" : 0,
        "total_ios" : 0,
        "short_ios" : 0,
        "drop_ios" : 0,
        "slat_ns" : {
          "min" : 0,
          "max" : 0,
          "mean" : 0.000000,
          "stddev" : 0.000000,
          "N" : 0
        },
        "clat_ns" : {
          "min" : 0,
          "max" : 0,
          "mean" : 0.000000,
          "stddev" : 0.000000,
          "N" : 0
        },
        "lat_ns" : {
          "min" : 0,
          "max" : 0,
          "mean" : 0.000000,
          "stddev" : 0.000000,
          "N" : 0
        },
        "bw_min" : 0,
        "bw_max" : 0,
        "bw_agg" : 0.000000,
        "bw_mean" : 0.000000,
        "bw_dev" : 0.000000,
        "bw_samples" : 0,
        "iops_min" : 0,
        "iops_max" : 0,
        "iops_mean" : 0.000000,
        "iops_stddev" : 0.000000,
        "iops_samples" : 0
      },
      "sync" : {
        "total_ios" : 0,
        "lat_ns" : {
          "min" : 0,
          "max" : 0,
          "mean" : 0.000000,
          "stddev" : 0.000000,
          "N" : 0
        }
      },
      "job_runtime" : 30000,
      "usr_cpu" : 2.776667,
      "sys_cpu" : 13.670000,
      "ctx" : 925883,
      "majf" : 0,
      "minf" : 0,
      "iodepth_level" : {
        "1" : 0.000000,
        "2" : 0.000000,
        "4" : 0.000000,
        "8" : 0.000000,
        "16" : 0.000000,
        "32" : 100.000000,
        ">=64" : 0.000000
      },
      "iodepth_submit" : {
        "0" : 0.000000,
        "4" : 100.000000,
        "8" : 0.000000,
        "16" : 0.000000,
        "32" : 0.000000,
        "64" : 0.000000,
        ">=64" : 0.000000
      },
      "iodepth_complete" : {
        "0" : 0.000000,
        "4" : 99.999917,
        "8" : 0.000000,
        "16" : 0.000000,
        "32" : 0.100000,
        "64" : 0.000000,
        ">=64" : 0.000000
      },
      "latency_ns" : {
        "2" : 0.000000,
        "4" : 0.000000,
        "10" : 0.000000,
        "20" : 0.000000,
        "50" : 6.924732,
        "100" : 0.377391,
        "250" : 1.771372,
        "500" : 0.040355,
        "750" : 0.010000,
        "1000" : 0.010000
      },
      "latency_us" : {
        "2" : 0.066926,
        "4" : 0.094493,
        "10" : 0.049073,
        "20" : 0.010000,
        "50" : 0.010000,
        "100" : 0.013535,
        "250" : 0.297512,
        "500" : 3.834775,
        "750" : 24.335954,
        "1000" : 33.238231
      },
      "latency_ms" : {
        "2" : 28.924680,
        "4" : 0.010000,
        "10" : 0.000000,
        "20" : 0.000000,
        "50" : 0.000000,
        "100" : 0.000000,
        "250" : 0.000000,
        "500" : 0.000000,
        "750" : 0.000000,
        "1000" : 0.000000,
        "2000" : 0.000000,
        ">=2000" : 0.000000
      },
      "latency_depth" : 32,
      "latency_target" : 0,
      "latency_percentile" : 100.000000,
      "latency_window" : 0
    }
  ],
  "disk_util" : [
    {
      "name" : "nvme1n1",
      "read_ios" : 1273266,
      "write_ios" : 0,
      "read_sectors" : 40744512,
      "write_sectors" : 0,
      "read_merges" : 0,
      "write_merges" : 0,
      "read_ticks" : 1114944,
      "write_ticks" : 0,
      "in_queue" : 1114944,
      "util" : 88.442684
    }
  ]
}
