{
  "fio version" : "fio-3.36",
  "timestamp" : 1759355046,
  "timestamp_ms" : 1759355046870,
  "time" : "Wed Oct  1 17:44:06 2025",
  "jobs" : [
    {
      "jobname" : "randread_bs16k",
      "groupid" : 0,
      "job_start" : 1759355016858,
      "error" : 0,
      "eta" : 0,
      "elapsed" : 36,
      "job options" : {
        "name" : "randread_bs16k",
        "rw" : "randread",
        "bs" : "16k",
        "filename" : "/mnt/ssdtest/fio_testfile",
        "ioengine" : "io_uring",
        "direct" : "1",
        "time_based" : "1",
        "ramp_time" : "5",
        "runtime" : "30",
        "group_reporting" : "1",
        "numjobs" : "1",
        "iodepth" : "32",
        "thread" : "1",
        "percentile_list" : "50:95:99:99.9",
        "offset_align" : "4k",
        "size" : "64G"
      },
      "read" : {
        "io_bytes" : 19732086784,
        "io_kbytes" : 19269616,
        "bw_bytes" : 657692379,
        "bw" : 642277,
        "iops" : 40141.323912,
        "runtime" : 30002,
        "total_ios" : 1204320,
        "short_ios" : 0,
        "drop_ios" : 0,
        "slat_ns" : {
          "min" : 392,
          "max" : 321165,
          "mean" : 2283.683612,
          "stddev" : 1516.310981,
          "N" : 1204320
        },
        "clat_ns" : {
          "min" : 28,
          "max" : 2431922,
          "mean" : 794597.060470,
          "stddev" : 339792.365079,
          "N" : 1204351,
          "percentile" : {
            "50.000000" : 847872,
            "95.000000" : 1236992,
            "99.000000" : 1384448,
            "99.900000" : 1548288
          }
        },
        "lat_ns" : {
          "min" : 424,
          "max" : 2435923,
          "mean" : 796880.729588,
          "stddev" : 339841.191719,
          "N" : 1204351
        },
        "bw_min" : 637568,
        "bw_max" : 652160,
        "bw_agg" : 100.000000,
        "bw_mean" : 642539.316667,
        "bw_dev" : 2905.051191,
        "bw_samples" : 60,
        "iops_min" : 39848,
        "iops_max" : 40760,
        "iops_mean" : 40158.650000,
        "iops_stddev" : 181.570533,
        "iops_samples" : 60
      },
      "write" : {
        "io_bytes" : 0,
        "io_kbytes" : 0,
        "bw_bytes" : 0,
        "bw" : 0,
        "iops" : 0.000000,
        "runtime" : 0,
        "total_ios" : 0,
        "short_ios" : 0,
        "drop_ios" : 0,
        "slat_ns" : {
          "min" : 0,
          "max" : 0,
          "mean" : 0.000000,
          "stddev" : 0.000000,
          "N" : 0
        },
        "clat_ns" : {
          "min" : 0,
          "max" : 0,
          "mean" : 0.000000,
          "stddev" : 0.000000,
          "N" : 0
        },
        "lat_ns" : {
          "min" : 0,
          "max" : 0,
          "mean" : 0.000000,
          "stddev" : 0.000000,
          "N" : 0
        },
        "bw_min" : 0,
        "bw_max" : 0,
        "bw_agg" : 0.000000,
        "bw_mean" : 0.000000,
        "bw_dev" : 0.000000,
        "bw_samples" : 0,
        "iops_min" : 0,
        "iops_max" : 0,
        "iops_mean" : 0.000000,
        "iops_stddev" : 0.000000,
        "iops_samples" : 0
      },
      "trim" : {
        "io_bytes" : 0,
        "io_kbytes" : 0,
        "bw_bytes" : 0,
        "bw" : 0,
        "iops" : 0.000000,
        "runtime" : 0,
        "total_ios" : 0,
        "short_ios" : 0,
        "drop_ios" : 0,
        "slat_ns" : {
          "min" : 0,
          "max" : 0,
          "mean" : 0.000000,
          "stddev" : 0.000000,
          "N" : 0
        },
        "clat_ns" : {
          "min" : 0,
          "max" : 0,
          "mean" : 0.000000,
          "stddev" : 0.000000,
          "N" : 0
        },
        "lat_ns" : {
          "min" : 0,
          "max" : 0,
          "mean" : 0.000000,
          "stddev" : 0.000000,
          "N" : 0
        },
        "bw_min" : 0,
        "bw_max" : 0,
        "bw_agg" : 0.000000,
        "bw_mean" : 0.000000,
        "bw_dev" : 0.000000,
        "bw_samples" : 0,
        "iops_min" : 0,
        "iops_max" : 0,
        "iops_mean" : 0.000000,
        "iops_stddev" : 0.000000,
        "iops_samples" : 0
      },
      "sync" : {
        "total_ios" : 0,
        "lat_ns" : {
          "min" : 0,
          "max" : 0,
          "mean" : 0.000000,
          "stddev" : 0.000000,
          "N" : 0
        }
      },
      "job_runtime" : 30001,
      "usr_cpu" : 2.693244,
      "sys_cpu" : 13.079564,
      "ctx" : 931896,
      "majf" : 0,
      "minf" : 0,
      "iodepth_level" : {
        "1" : 0.000000,
        "2" : 0.000000,
        "4" : 0.000000,
        "8" : 0.000000,
        "16" : 0.000000,
        "32" : 100.000000,
        ">=64" : 0.000000
      },
      "iodepth_submit" : {
        "0" : 0.000000,
        "4" : 100.000000,
        "8" : 0.000000,
        "16" : 0.000000,
        "32" : 0.000000,
        "64" : 0.000000,
        ">=64" : 0.000000
      },
      "iodepth_complete" : {
        "0" : 0.000000,
        "4" : 99.999917,
        "8" : 0.000000,
        "16" : 0.000000,
        "32" : 0.100000,
        "64" : 0.000000,
        ">=64" : 0.000000
      },
      "latency_ns" : {
        "2" : 0.000000,
        "4" : 0.000000,
        "10" : 0.000000,
        "20" : 0.000000,
        "50" : 7.258951,
        "100" : 0.316859,
        "250" : 1.521523,
        "500" : 0.029726,
        "750" : 0.010000,
        "1000" : 0.010000
      },
      "latency_us" : {
        "2" : 0.078218,
        "4" : 0.080709,
        "10" : 0.044257,
        "20" : 0.010000,
        "50" : 0.010000,
        "100" : 0.015527,
        "250" : 0.314617,
        "500" : 3.697107,
        "750" : 24.596868,
        "1000" : 33.040554
      },
      "latency_ms" : {
        "2" : 28.979258,
        "4" : 0.010000,
        "10" : 0.000000,
        "20" : 0.000000,
        "50" : 0.000000,
        "100" : 0.000000,
        "250" : 0.000000,
        "500" : 0.000000,
        "750" : 0.000000,
        "1000" : 0.000000,
        "2000" : 0.000000,
        ">=2000" : 0.000000
      },
      "latency_depth" : 32,
      "latency_target" : 0,
      "latency_percentile" : 100.000000,
      "latency_window" : 0
    }
  ],
  "disk_util" : [
    {
      "name" : "nvme1n1",
      "read_ios" : 1273429,
      "write_ios" : 0,
      "read_sectors" : 40749728,
      "write_sectors" : 0,
      "read_merges" : 0,
      "write_merges" : 0,
      "read_ticks" : 1115386,
      "write_ticks" : 0,
      "in_queue" : 1115386,
      "util" : 89.454483
    }
  ]
}
