{
  "fio version" : "fio-3.36",
  "timestamp" : 1759355540,
  "timestamp_ms" : 1759355540793,
  "time" : "Wed Oct  1 17:52:20 2025",
  "jobs" : [
    {
      "jobname" : "randread_bs1m",
      "groupid" : 0,
      "job_start" : 1759355510758,
      "error" : 0,
      "eta" : 0,
      "elapsed" : 36,
      "job options" : {
        "name" : "randread_bs1m",
        "rw" : "randread",
        "bs" : "1m",
        "filename" : "/mnt/ssdtest/fio_testfile",
        "ioengine" : "io_uring",
        "direct" : "1",
        "time_based" : "1",
        "ramp_time" : "5",
        "runtime" : "30",
        "group_reporting" : "1",
        "numjobs" : "1",
        "iodepth" : "32",
        "thread" : "1",
        "percentile_list" : "50:95:99:99.9",
        "offset_align" : "4k",
        "size" : "64G"
      },
      "read" : {
        "io_bytes" : 93053779968,
        "io_kbytes" : 90872832,
        "bw_bytes" : 3100242544,
        "bw" : 3027580,
        "iops" : 2955.588872,
        "runtime" : 30015,
        "total_ios" : 88712,
        "short_ios" : 0,
        "drop_ios" : 0,
        "slat_ns" : {
          "min" : 11453,
          "max" : 510984,
          "mean" : 37629.516864,
          "stddev" : 31589.634932,
          "N" : 88712
        },
        "clat_ns" : {
          "min" : 31,
          "max" : 33178262,
          "mean" : 10786514.732948,
          "stddev" : 4584233.493045,
          "N" : 88743,
          "percentile" : {
            "50.000000" : 10813440,
            "95.000000" : 18481152,
            "99.000000" : 24248320,
            "99.900000" : 27394048
          }
        },
        "lat_ns" : {
          "min" : 11516,
          "max" : 33204910,
          "mean" : 10824141.886684,
          "stddev" : 4566598.727893,
          "N" : 88743
        },
        "bw_min" : 2713600,
        "bw_max" : 3338240,
        "bw_agg" : 100.000000,
        "bw_mean" : 3029420.250000,
        "bw_dev" : 115229.983285,
        "bw_samples" : 60,
        "iops_min" : 2650,
        "iops_max" : 3260,
        "iops_mean" : 2958.300000,
        "iops_stddev" : 112.561140,
        "iops_samples" : 60
      },
      "write" : {
        "io_bytes" : 0,
        "io_kbytes" : 0,
        "bw_bytes" : 0,
        "bw" : 0,
        "iops" : 0.000000,
        "runtime" : 0,
        "total_ios" : 0,
        "short_ios" : 0,
        "drop_ios" : 0,
        "slat_ns" : {
          "min" : 0,
          "max" : 0,
          "mean" : 0.000000,
          "stddev" : 0.000000,
          "N" : 0
        },
        "clat_ns" : {
          "min" : 0,
          "max" : 0,
          "mean" : 0.000000,
          "stddev" : 0.000000,
          "N" : 0
        },
        "lat_ns" : {
          "min" : 0,
          "max" : 0,
          "mean" : 0.000000,
          "stddev" : 0.000000,
          "N" : 0
        },
        "bw_min" : 0,
        "bw_max" : 0,
        "bw_agg" : 0.000000,
        "bw_mean" : 0.000000,
        "bw_dev" : 0.000000,
        "bw_samples" : 0,
        "iops_min" : 0,
        "iops_max" : 0,
        "iops_mean" : 0.000000,
        "iops_stddev" : 0.000000,
        "iops_samples" : 0
      },
      "trim" : {
        "io_bytes" : 0,
        "io_kbytes" : 0,
        "bw_bytes" : 0,
        "bw" : 0,
        "iops" : 0.000000,
        "runtime" : 0,
        "total_ios" : 0,
        "short_ios" : 0,
        "drop_ios" : 0,
        "slat_ns" : {
          "min" : 0,
          "max" : 0,
          "mean" : 0.000000,
          "stddev" : 0.000000,
          "N" : 0
        },
        "clat_ns" : {
          "min" : 0,
          "max" : 0,
          "mean" : 0.000000,
          "stddev" : 0.000000,
          "N" : 0
        },
        "lat_ns" : {
          "min" : 0,
          "max" : 0,
          "mean" : 0.000000,
          "stddev" : 0.000000,
          "N" : 0
        },
        "bw_min" : 0,
        "bw_max" : 0,
        "bw_agg" : 0.000000,
        "bw_mean" : 0.000000,
        "bw_dev" : 0.000000,
        "bw_samples" : 0,
        "iops_min" : 0,
        "iops_max" : 0,
        "iops_mean" : 0.000000,
        "iops_stddev" : 0.000000,
        "iops_samples" : 0
      },
      "sync" : {
        "total_ios" : 0,
        "lat_ns" : {
          "min" : 0,
          "max" : 0,
          "mean" : 0.000000,
          "stddev" : 0.000000,
          "N" : 0
        }
      },
      "job_runtime" : 30014,
      "usr_cpu" : 0.169921,
      "sys_cpu" : 12.207636,
      "ctx" : 79973,
      "majf" : 0,
      "minf" : 0,
      "iodepth_level" : {
        "1" : 0.000000,
        "2" : 0.000000,
        "4" : 0.000000,
        "8" : 0.000000,
        "16" : 0.000000,
        "32" : 100.000000,
        ">=64" : 0.000000
      },
      "iodepth_submit" : {
        "0" : 0.000000,
        "4" : 100.000000,
        "8" : 0.000000,
        "16" : 0.000000,
        "32" : 0.000000,
        "64" : 0.000000,
        ">=64" : 0.000000
      },
      "iodepth_complete" : {
        "0" : 0.000000,
        "4" : 99.998873,
        "8" : 0.000000,
        "16" : 0.000000,
        "32" : 0.100000,
        "64" : 0.000000,
        ">=64" : 0.000000
      },
      "latency_ns" : {
        "2" : 0.000000,
        "4" : 0.000000,
        "10" : 0.000000,
        "20" : 0.000000,
        "50" : 2.999594,
        "100" : 2.541933,
        "250" : 2.632113,
        "500" : 0.582785,
        "750" : 0.326901,
        "1000" : 0.092434
      },
      "latency_us" : {
        "2" : 0.081162,
        "4" : 0.022545,
        "10" : 0.010000,
        "20" : 0.010000,
        "50" : 0.013527,
        "100" : 0.010000,
        "250" : 0.010000,
        "500" : 0.010000,
        "750" : 0.000000,
        "1000" : 0.000000
      },
      "latency_ms" : {
        "2" : 0.000000,
        "4" : 0.226576,
        "10" : 5.516728,
        "20" : 81.081477,
        "50" : 3.895753,
        "100" : 0.000000,
        "250" : 0.000000,
        "500" : 0.000000,
        "750" : 0.000000,
        "1000" : 0.000000,
        "2000" : 0.000000,
        ">=2000" : 0.000000
      },
      "latency_depth" : 32,
      "latency_target" : 0,
      "latency_percentile" : 100.000000,
      "latency_window" : 0
    }
  ],
  "disk_util" : [
    {
      "name" : "nvme1n1",
      "read_ios" : 750816,
      "write_ios" : 0,
      "read_sectors" : 192208624,
      "write_sectors" : 0,
      "read_merges" : 0,
      "write_merges" : 0,
      "read_ticks" : 8764508,
      "write_ticks" : 0,
      "in_queue" : 8764508,
      "util" : 92.238849
    }
  ]
}
