{
  "fio version" : "fio-3.36",
  "timestamp" : 1759355434,
  "timestamp_ms" : 1759355434930,
  "time" : "Wed Oct  1 17:50:34 2025",
  "jobs" : [
    {
      "jobname" : "randread_bs128k",
      "groupid" : 0,
      "job_start" : 1759355404915,
      "error" : 0,
      "eta" : 0,
      "elapsed" : 36,
      "job options" : {
        "name" : "randread_bs128k",
        "rw" : "randread",
        "bs" : "128k",
        "filename" : "/mnt/ssdtest/fio_testfile",
        "ioengine" : "io_uring",
        "direct" : "1",
        "time_based" : "1",
        "ramp_time" : "5",
        "runtime" : "30",
        "group_reporting" : "1",
        "numjobs" : "1",
        "iodepth" : "32",
        "thread" : "1",
        "percentile_list" : "50:95:99:99.9",
        "offset_align" : "4k",
        "size" : "64G"
      },
      "read" : {
        "io_bytes" : 69614567424,
        "io_kbytes" : 67982976,
        "bw_bytes" : 2320253555,
        "bw" : 2265872,
        "iops" : 17701.096557,
        "runtime" : 30003,
        "total_ios" : 531086,
        "short_ios" : 0,
        "drop_ios" : 0,
        "slat_ns" : {
          "min" : 1616,
          "max" : 195284,
          "mean" : 8599.232284,
          "stddev" : 3803.509923,
          "N" : 531086
        },
        "clat_ns" : {
          "min" : 29,
          "max" : 3777710,
          "mean" : 1798835.228759,
          "stddev" : 598200.491111,
          "N" : 531117,
          "percentile" : {
            "50.000000" : 1957888,
            "95.000000" : 2244608,
            "99.000000" : 2375680,
            "99.900000" : 2572288
          }
        },
        "lat_ns" : {
          "min" : 1675,
          "max" : 3788343,
          "mean" : 1807434.362370,
          "stddev" : 597319.192861,
          "N" : 531117
        },
        "bw_min" : 2240768,
        "bw_max" : 2290944,
        "bw_agg" : 100.000000,
        "bw_mean" : 2266709.966667,
        "bw_dev" : 10685.812471,
        "bw_samples" : 60,
        "iops_min" : 17506,
        "iops_max" : 17898,
        "iops_mean" : 17708.600000,
        "iops_stddev" : 83.447375,
        "iops_samples" : 60
      },
      "write" : {
        "io_bytes" : 0,
        "io_kbytes" : 0,
        "bw_bytes" : 0,
        "bw" : 0,
        "iops" : 0.000000,
        "runtime" : 0,
        "total_ios" : 0,
        "short_ios" : 0,
        "drop_ios" : 0,
        "slat_ns" : {
          "min" : 0,
          "max" : 0,
          "mean" : 0.000000,
          "stddev" : 0.000000,
          "N" : 0
        },
        "clat_ns" : {
          "min" : 0,
          "max" : 0,
          "mean" : 0.000000,
          "stddev" : 0.000000,
          "N" : 0
        },
        "lat_ns" : {
          "min" : 0,
          "max" : 0,
          "mean" : 0.000000,
          "stddev" : 0.000000,
          "N" : 0
        },
        "bw_min" : 0,
        "bw_max" : 0,
        "bw_agg" : 0.000000,
        "bw_mean" : 0.000000,
        "bw_dev" : 0.000000,
        "bw_samples" : 0,
        "iops_min" : 0,
        "iops_max" : 0,
        "iops_mean" : 0.000000,
        "iops_stddev" : 0.000000,
        "iops_samples" : 0
      },
      "trim" : {
        "io_bytes" : 0,
        "io_kbytes" : 0,
        "bw_bytes" : 0,
        "bw" : 0,
        "iops" : 0.000000,
        "runtime" : 0,
        "total_ios" : 0,
        "short_ios" : 0,
        "drop_ios" : 0,
        "slat_ns" : {
          "min" : 0,
          "max" : 0,
          "mean" : 0.000000,
          "stddev" : 0.000000,
          "N" : 0
        },
        "clat_ns" : {
          "min" : 0,
          "max" : 0,
          "mean" : 0.000000,
          "stddev" : 0.000000,
          "N" : 0
        },
        "lat_ns" : {
          "min" : 0,
          "max" : 0,
          "mean" : 0.000000,
          "stddev" : 0.000000,
          "N" : 0
        },
        "bw_min" : 0,
        "bw_max" : 0,
        "bw_agg" : 0.000000,
        "bw_mean" : 0.000000,
        "bw_dev" : 0.000000,
        "bw_samples" : 0,
        "iops_min" : 0,
        "iops_max" : 0,
        "iops_mean" : 0.000000,
        "iops_stddev" : 0.000000,
        "iops_samples" : 0
      },
      "sync" : {
        "total_ios" : 0,
        "lat_ns" : {
          "min" : 0,
          "max" : 0,
          "mean" : 0.000000,
          "stddev" : 0.000000,
          "N" : 0
        }
      },
      "job_runtime" : 30002,
      "usr_cpu" : 0.989934,
      "sys_cpu" : 17.675488,
      "ctx" : 449402,
      "majf" : 0,
      "minf" : 0,
      "iodepth_level" : {
        "1" : 0.000000,
        "2" : 0.000000,
        "4" : 0.000000,
        "8" : 0.000000,
        "16" : 0.000000,
        "32" : 100.000000,
        ">=64" : 0.000000
      },
      "iodepth_submit" : {
        "0" : 0.000000,
        "4" : 100.000000,
        "8" : 0.000000,
        "16" : 0.000000,
        "32" : 0.000000,
        "64" : 0.000000,
        ">=64" : 0.000000
      },
      "iodepth_complete" : {
        "0" : 0.000000,
        "4" : 99.999812,
        "8" : 0.000000,
        "16" : 0.000000,
        "32" : 0.100000,
        "64" : 0.000000,
        ">=64" : 0.000000
      },
      "latency_ns" : {
        "2" : 0.000000,
        "4" : 0.000000,
        "10" : 0.000000,
        "20" : 0.000000,
        "50" : 6.493675,
        "100" : 1.395631,
        "250" : 1.189073,
        "500" : 0.083037,
        "750" : 0.058936,
        "1000" : 0.010000
      },
      "latency_us" : {
        "2" : 0.010921,
        "4" : 0.010000,
        "10" : 0.054793,
        "20" : 0.034646,
        "50" : 0.010544,
        "100" : 0.010000,
        "250" : 0.010000,
        "500" : 0.000000,
        "750" : 0.000000,
        "1000" : 0.010000
      },
      "latency_ms" : {
        "2" : 50.506698,
        "4" : 40.151124,
        "10" : 0.000000,
        "20" : 0.000000,
        "50" : 0.000000,
        "100" : 0.000000,
        "250" : 0.000000,
        "500" : 0.000000,
        "750" : 0.000000,
        "1000" : 0.000000,
        "2000" : 0.000000,
        ">=2000" : 0.000000
      },
      "latency_depth" : 32,
      "latency_target" : 0,
      "latency_percentile" : 100.000000,
      "latency_window" : 0
    }
  ],
  "disk_util" : [
    {
      "name" : "nvme1n1",
      "read_ios" : 561450,
      "write_ios" : 0,
      "read_sectors" : 143731064,
      "write_sectors" : 0,
      "read_merges" : 0,
      "write_merges" : 0,
      "read_ticks" : 1116487,
      "write_ticks" : 0,
      "in_queue" : 1116487,
      "util" : 90.497905
    }
  ]
}
