{
  "fio version" : "fio-3.36",
  "timestamp" : 1759355082,
  "timestamp_ms" : 1759355082148,
  "time" : "Wed Oct  1 17:44:42 2025",
  "jobs" : [
    {
      "jobname" : "randread_bs32k",
      "groupid" : 0,
      "job_start" : 1759355052131,
      "error" : 0,
      "eta" : 0,
      "elapsed" : 36,
      "job options" : {
        "name" : "randread_bs32k",
        "rw" : "randread",
        "bs" : "32k",
        "filename" : "/mnt/ssdtest/fio_testfile",
        "ioengine" : "io_uring",
        "direct" : "1",
        "time_based" : "1",
        "ramp_time" : "5",
        "runtime" : "30",
        "group_reporting" : "1",
        "numjobs" : "1",
        "iodepth" : "32",
        "thread" : "1",
        "percentile_list" : "50:95:99:99.9",
        "offset_align" : "4k",
        "size" : "64G"
      },
      "read" : {
        "io_bytes" : 30099275776,
        "io_kbytes" : 29393824,
        "bw_bytes" : 1003242309,
        "bw" : 979728,
        "iops" : 30615.492301,
        "runtime" : 30002,
        "total_ios" : 918526,
        "short_ios" : 0,
        "drop_ios" : 0,
        "slat_ns" : {
          "min" : 450,
          "max" : 703453,
          "mean" : 3867.764649,
          "stddev" : 2666.087251,
          "N" : 918526
        },
        "clat_ns" : {
          "min" : 28,
          "max" : 2359342,
          "mean" : 1040954.457109,
          "stddev" : 365093.333384,
          "N" : 918557,
          "percentile" : {
            "50.000000" : 1122304,
            "95.000000" : 1417216,
            "99.000000" : 1531904,
            "99.900000" : 1695744
          }
        },
        "lat_ns" : {
          "min" : 484,
          "max" : 2362108,
          "mean" : 1044822.204365,
          "stddev" : 364911.832652,
          "N" : 918557
        },
        "bw_min" : 966464,
        "bw_max" : 990016,
        "bw_agg" : 100.000000,
        "bw_mean" : 980135.000000,
        "bw_dev" : 4958.974002,
        "bw_samples" : 60,
        "iops_min" : 30202,
        "iops_max" : 30938,
        "iops_mean" : 30629.133333,
        "iops_stddev" : 154.968610,
        "iops_samples" : 60
      },
      "write" : {
        "io_bytes" : 0,
        "io_kbytes" : 0,
        "bw_bytes" : 0,
        "bw" : 0,
        "iops" : 0.000000,
        "runtime" : 0,
        "total_ios" : 0,
        "short_ios" : 0,
        "drop_ios" : 0,
        "slat_ns" : {
          "min" : 0,
          "max" : 0,
          "mean" : 0.000000,
          "stddev" : 0.000000,
          "N" : 0
        },
        "clat_ns" : {
          "min" : 0,
          "max" : 0,
          "mean" : 0.000000,
          "stddev" : 0.000000,
          "N" : 0
        },
        "lat_ns" : {
          "min" : 0,
          "max" : 0,
          "mean" : 0.000000,
          "stddev" : 0.000000,
          "N" : 0
        },
        "bw_min" : 0,
        "bw_max" : 0,
        "bw_agg" : 0.000000,
        "bw_mean" : 0.000000,
        "bw_dev" : 0.000000,
        "bw_samples" : 0,
        "iops_min" : 0,
        "iops_max" : 0,
        "iops_mean" : 0.000000,
        "iops_stddev" : 0.000000,
        "iops_samples" : 0
      },
      "trim" : {
        "io_bytes" : 0,
        "io_kbytes" : 0,
        "bw_bytes" : 0,
        "bw" : 0,
        "iops" : 0.000000,
        "runtime" : 0,
        "total_ios" : 0,
        "short_ios" : 0,
        "drop_ios" : 0,
        "slat_ns" : {
          "min" : 0,
          "max" : 0,
          "mean" : 0.000000,
          "stddev" : 0.000000,
          "N" : 0
        },
        "clat_ns" : {
          "min" : 0,
          "max" : 0,
          "mean" : 0.000000,
          "stddev" : 0.000000,
          "N" : 0
        },
        "lat_ns" : {
          "min" : 0,
          "max" : 0,
          "mean" : 0.000000,
          "stddev" : 0.000000,
          "N" : 0
        },
        "bw_min" : 0,
        "bw_max" : 0,
        "bw_agg" : 0.000000,
        "bw_mean" : 0.000000,
        "bw_dev" : 0.000000,
        "bw_samples" : 0,
        "iops_min" : 0,
        "iops_max" : 0,
        "iops_mean" : 0.000000,
        "iops_stddev" : 0.000000,
        "iops_samples" : 0
      },
      "sync" : {
        "total_ios" : 0,
        "lat_ns" : {
          "min" : 0,
          "max" : 0,
          "mean" : 0.000000,
          "stddev" : 0.000000,
          "N" : 0
        }
      },
      "job_runtime" : 30001,
      "usr_cpu" : 2.396587,
      "sys_cpu" : 15.569481,
      "ctx" : 737474,
      "majf" : 0,
      "minf" : 0,
      "iodepth_level" : {
        "1" : 0.000000,
        "2" : 0.000000,
        "4" : 0.000000,
        "8" : 0.000000,
        "16" : 0.000000,
        "32" : 100.000000,
        ">=64" : 0.000000
      },
      "iodepth_submit" : {
        "0" : 0.000000,
        "4" : 100.000000,
        "8" : 0.000000,
        "16" : 0.000000,
        "32" : 0.000000,
        "64" : 0.000000,
        ">=64" : 0.000000
      },
      "iodepth_complete" : {
        "0" : 0.000000,
        "4" : 99.999891,
        "8" : 0.000000,
        "16" : 0.000000,
        "32" : 0.100000,
        "64" : 0.000000,
        ">=64" : 0.000000
      },
      "latency_ns" : {
        "2" : 0.000000,
        "4" : 0.000000,
        "10" : 0.000000,
        "20" : 0.000000,
        "50" : 6.218332,
        "100" : 0.606297,
        "250" : 2.304562,
        "500" : 0.075665,
        "750" : 0.026455,
        "1000" : 0.014262
      },
      "latency_us" : {
        "2" : 0.015677,
        "4" : 0.045725,
        "10" : 0.065213,
        "20" : 0.015460,
        "50" : 0.010000,
        "100" : 0.010000,
        "250" : 0.010000,
        "500" : 0.010000,
        "750" : 0.020794,
        "1000" : 14.970180
      },
      "latency_ms" : {
        "2" : 75.607985,
        "4" : 0.010000,
        "10" : 0.000000,
        "20" : 0.000000,
        "50" : 0.000000,
        "100" : 0.000000,
        "250" : 0.000000,
        "500" : 0.000000,
        "750" : 0.000000,
        "1000" : 0.000000,
        "2000" : 0.000000,
        ">=2000" : 0.000000
      },
      "latency_depth" : 32,
      "latency_target" : 0,
      "latency_percentile" : 100.000000,
      "latency_window" : 0
    }
  ],
  "disk_util" : [
    {
      "name" : "nvme1n1",
      "read_ios" : 970887,
      "write_ios" : 0,
      "read_sectors" : 62136768,
      "write_sectors" : 0,
      "read_merges" : 0,
      "write_merges" : 0,
      "read_ticks" : 1115031,
      "write_ticks" : 0,
      "in_queue" : 1115031,
      "util" : 88.698874
    }
  ]
}
