{
  "fio version" : "fio-3.36",
  "timestamp" : 1759355329,
  "timestamp_ms" : 1759355329096,
  "time" : "Wed Oct  1 17:48:49 2025",
  "jobs" : [
    {
      "jobname" : "randread_bs16k",
      "groupid" : 0,
      "job_start" : 1759355299083,
      "error" : 0,
      "eta" : 0,
      "elapsed" : 36,
      "job options" : {
        "name" : "randread_bs16k",
        "rw" : "randread",
        "bs" : "16k",
        "filename" : "/mnt/ssdtest/fio_testfile",
        "ioengine" : "io_uring",
        "direct" : "1",
        "time_based" : "1",
        "ramp_time" : "5",
        "runtime" : "30",
        "group_reporting" : "1",
        "numjobs" : "1",
        "iodepth" : "32",
        "thread" : "1",
        "percentile_list" : "50:95:99:99.9",
        "offset_align" : "4k",
        "size" : "64G"
      },
      "read" : {
        "io_bytes" : 19731595264,
        "io_kbytes" : 19269136,
        "bw_bytes" : 657675997,
        "bw" : 642261,
        "iops" : 40140.323978,
        "runtime" : 30002,
        "total_ios" : 1204290,
        "short_ios" : 0,
        "drop_ios" : 0,
        "slat_ns" : {
          "min" : 386,
          "max" : 317330,
          "mean" : 2247.878631,
          "stddev" : 1403.352736,
          "N" : 1204290
        },
        "clat_ns" : {
          "min" : 28,
          "max" : 2444763,
          "mean" : 794648.358620,
          "stddev" : 340380.266796,
          "N" : 1204321,
          "percentile" : {
            "50.000000" : 847872,
            "95.000000" : 1253376,
            "99.000000" : 1384448,
            "99.900000" : 1564672
          }
        },
        "lat_ns" : {
          "min" : 421,
          "max" : 2446108,
          "mean" : 796896.277737,
          "stddev" : 340447.941886,
          "N" : 1204321
        },
        "bw_min" : 636960,
        "bw_max" : 651744,
        "bw_agg" : 100.000000,
        "bw_mean" : 642543.600000,
        "bw_dev" : 3143.558122,
        "bw_samples" : 60,
        "iops_min" : 39810,
        "iops_max" : 40734,
        "iops_mean" : 40158.950000,
        "iops_stddev" : 196.474040,
        "iops_samples" : 60
      },
      "write" : {
        "io_bytes" : 0,
        "io_kbytes" : 0,
        "bw_bytes" : 0,
        "bw" : 0,
        "iops" : 0.000000,
        "runtime" : 0,
        "total_ios" : 0,
        "short_ios" : 0,
        "drop_ios" : 0,
        "slat_ns" : {
          "min" : 0,
          "max" : 0,
          "mean" : 0.000000,
          "stddev" : 0.000000,
          "N" : 0
        },
        "clat_ns" : {
          "min" : 0,
          "max" : 0,
          "mean" : 0.000000,
          "stddev" : 0.000000,
          "N" : 0
        },
        "lat_ns" : {
          "min" : 0,
          "max" : 0,
          "mean" : 0.000000,
          "stddev" : 0.000000,
          "N" : 0
        },
        "bw_min" : 0,
        "bw_max" : 0,
        "bw_agg" : 0.000000,
        "bw_mean" : 0.000000,
        "bw_dev" : 0.000000,
        "bw_samples" : 0,
        "iops_min" : 0,
        "iops_max" : 0,
        "iops_mean" : 0.000000,
        "iops_stddev" : 0.000000,
        "iops_samples" : 0
      },
      "trim" : {
        "io_bytes" : 0,
        "io_kbytes" : 0,
        "bw_bytes" : 0,
        "bw" : 0,
        "iops" : 0.000000,
        "runtime" : 0,
        "total_ios" : 0,
        "short_ios" : 0,
        "drop_ios" : 0,
        "slat_ns" : {
          "min" : 0,
          "max" : 0,
          "mean" : 0.000000,
          "stddev" : 0.000000,
          "N" : 0
        },
        "clat_ns" : {
          "min" : 0,
          "max" : 0,
          "mean" : 0.000000,
          "stddev" : 0.000000,
          "N" : 0
        },
        "lat_ns" : {
          "min" : 0,
          "max" : 0,
          "mean" : 0.000000,
          "stddev" : 0.000000,
          "N" : 0
        },
        "bw_min" : 0,
        "bw_max" : 0,
        "bw_agg" : 0.000000,
        "bw_mean" : 0.000000,
        "bw_dev" : 0.000000,
        "bw_samples" : 0,
        "iops_min" : 0,
        "iops_max" : 0,
        "iops_mean" : 0.000000,
        "iops_stddev" : 0.000000,
        "iops_samples" : 0
      },
      "sync" : {
        "total_ios" : 0,
        "lat_ns" : {
          "min" : 0,
          "max" : 0,
          "mean" : 0.000000,
          "stddev" : 0.000000,
          "N" : 0
        }
      },
      "job_runtime" : 30001,
      "usr_cpu" : 2.706576,
      "sys_cpu" : 13.132896,
      "ctx" : 928860,
      "majf" : 0,
      "minf" : 0,
      "iodepth_level" : {
        "1" : 0.000000,
        "2" : 0.000000,
        "4" : 0.000000,
        "8" : 0.000000,
        "16" : 0.000000,
        "32" : 100.000000,
        ">=64" : 0.000000
      },
      "iodepth_submit" : {
        "0" : 0.000000,
        "4" : 100.000000,
        "8" : 0.000000,
        "16" : 0.000000,
        "32" : 0.000000,
        "64" : 0.000000,
        ">=64" : 0.000000
      },
      "iodepth_complete" : {
        "0" : 0.000000,
        "4" : 99.999917,
        "8" : 0.000000,
        "16" : 0.000000,
        "32" : 0.100000,
        "64" : 0.000000,
        ">=64" : 0.000000
      },
      "latency_ns" : {
        "2" : 0.000000,
        "4" : 0.000000,
        "10" : 0.000000,
        "20" : 0.000000,
        "50" : 6.626892,
        "100" : 0.497804,
        "250" : 1.981998,
        "500" : 0.024164,
        "750" : 0.010000,
        "1000" : 0.010000
      },
      "latency_us" : {
        "2" : 0.073404,
        "4" : 0.105622,
        "10" : 0.031222,
        "20" : 0.010000,
        "50" : 0.010000,
        "100" : 0.014780,
        "250" : 0.325254,
        "500" : 3.747436,
        "750" : 24.586105,
        "1000" : 32.943975
      },
      "latency_ms" : {
        "2" : 29.023906,
        "4" : 0.010000,
        "10" : 0.000000,
        "20" : 0.000000,
        "50" : 0.000000,
        "100" : 0.000000,
        "250" : 0.000000,
        "500" : 0.000000,
        "750" : 0.000000,
        "1000" : 0.000000,
        "2000" : 0.000000,
        ">=2000" : 0.000000
      },
      "latency_depth" : 32,
      "latency_target" : 0,
      "latency_percentile" : 100.000000,
      "latency_window" : 0
    }
  ],
  "disk_util" : [
    {
      "name" : "nvme1n1",
      "read_ios" : 1273330,
      "write_ios" : 0,
      "read_sectors" : 40746560,
      "write_sectors" : 0,
      "read_merges" : 0,
      "write_merges" : 0,
      "read_ticks" : 1115173,
      "write_ticks" : 0,
      "in_queue" : 1115172,
      "util" : 88.428763
    }
  ]
}
