{
  "fio version" : "fio-3.36",
  "timestamp" : 1759355505,
  "timestamp_ms" : 1759355505500,
  "time" : "Wed Oct  1 17:51:45 2025",
  "jobs" : [
    {
      "jobname" : "randread_bs512k",
      "groupid" : 0,
      "job_start" : 1759355475474,
      "error" : 0,
      "eta" : 0,
      "elapsed" : 36,
      "job options" : {
        "name" : "randread_bs512k",
        "rw" : "randread",
        "bs" : "512k",
        "filename" : "/mnt/ssdtest/fio_testfile",
        "ioengine" : "io_uring",
        "direct" : "1",
        "time_based" : "1",
        "ramp_time" : "5",
        "runtime" : "30",
        "group_reporting" : "1",
        "numjobs" : "1",
        "iodepth" : "32",
        "thread" : "1",
        "percentile_list" : "50:95:99:99.9",
        "offset_align" : "4k",
        "size" : "64G"
      },
      "read" : {
        "io_bytes" : 90439155712,
        "io_kbytes" : 88319488,
        "bw_bytes" : 3014035716,
        "bw" : 2943394,
        "iops" : 5747.783777,
        "runtime" : 30006,
        "total_ios" : 172468,
        "short_ios" : 0,
        "drop_ios" : 0,
        "slat_ns" : {
          "min" : 5873,
          "max" : 268542,
          "mean" : 19077.174386,
          "stddev" : 12796.447954,
          "N" : 172468
        },
        "clat_ns" : {
          "min" : 29,
          "max" : 12057360,
          "mean" : 5547526.076383,
          "stddev" : 1932697.347464,
          "N" : 172499,
          "percentile" : {
            "50.000000" : 5931008,
            "95.000000" : 7503872,
            "99.000000" : 9240576,
            "99.900000" : 10420224
          }
        },
        "lat_ns" : {
          "min" : 5917,
          "max" : 12077653,
          "mean" : 5566602.364935,
          "stddev" : 1923071.198146,
          "N" : 172499
        },
        "bw_min" : 2811904,
        "bw_max" : 3070976,
        "bw_agg" : 100.000000,
        "bw_mean" : 2944882.616667,
        "bw_dev" : 55045.705533,
        "bw_samples" : 60,
        "iops_min" : 5492,
        "iops_max" : 5998,
        "iops_mean" : 5751.583333,
        "iops_stddev" : 107.419389,
        "iops_samples" : 60
      },
      "write" : {
        "io_bytes" : 0,
        "io_kbytes" : 0,
        "bw_bytes" : 0,
        "bw" : 0,
        "iops" : 0.000000,
        "runtime" : 0,
        "total_ios" : 0,
        "short_ios" : 0,
        "drop_ios" : 0,
        "slat_ns" : {
          "min" : 0,
          "max" : 0,
          "mean" : 0.000000,
          "stddev" : 0.000000,
          "N" : 0
        },
        "clat_ns" : {
          "min" : 0,
          "max" : 0,
          "mean" : 0.000000,
          "stddev" : 0.000000,
          "N" : 0
        },
        "lat_ns" : {
          "min" : 0,
          "max" : 0,
          "mean" : 0.000000,
          "stddev" : 0.000000,
          "N" : 0
        },
        "bw_min" : 0,
        "bw_max" : 0,
        "bw_agg" : 0.000000,
        "bw_mean" : 0.000000,
        "bw_dev" : 0.000000,
        "bw_samples" : 0,
        "iops_min" : 0,
        "iops_max" : 0,
        "iops_mean" : 0.000000,
        "iops_stddev" : 0.000000,
        "iops_samples" : 0
      },
      "trim" : {
        "io_bytes" : 0,
        "io_kbytes" : 0,
        "bw_bytes" : 0,
        "bw" : 0,
        "iops" : 0.000000,
        "runtime" : 0,
        "total_ios" : 0,
        "short_ios" : 0,
        "drop_ios" : 0,
        "slat_ns" : {
          "min" : 0,
          "max" : 0,
          "mean" : 0.000000,
          "stddev" : 0.000000,
          "N" : 0
        },
        "clat_ns" : {
          "min" : 0,
          "max" : 0,
          "mean" : 0.000000,
          "stddev" : 0.000000,
          "N" : 0
        },
        "lat_ns" : {
          "min" : 0,
          "max" : 0,
          "mean" : 0.000000,
          "stddev" : 0.000000,
          "N" : 0
        },
        "bw_min" : 0,
        "bw_max" : 0,
        "bw_agg" : 0.000000,
        "bw_mean" : 0.000000,
        "bw_dev" : 0.000000,
        "bw_samples" : 0,
        "iops_min" : 0,
        "iops_max" : 0,
        "iops_mean" : 0.000000,
        "iops_stddev" : 0.000000,
        "iops_samples" : 0
      },
      "sync" : {
        "total_ios" : 0,
        "lat_ns" : {
          "min" : 0,
          "max" : 0,
          "mean" : 0.000000,
          "stddev" : 0.000000,
          "N" : 0
        }
      },
      "job_runtime" : 30005,
      "usr_cpu" : 0.333278,
      "sys_cpu" : 12.321280,
      "ctx" : 155508,
      "majf" : 0,
      "minf" : 0,
      "iodepth_level" : {
        "1" : 0.000000,
        "2" : 0.000000,
        "4" : 0.000000,
        "8" : 0.000000,
        "16" : 0.000000,
        "32" : 100.000000,
        ">=64" : 0.000000
      },
      "iodepth_submit" : {
        "0" : 0.000000,
        "4" : 100.000000,
        "8" : 0.000000,
        "16" : 0.000000,
        "32" : 0.000000,
        "64" : 0.000000,
        ">=64" : 0.000000
      },
      "iodepth_complete" : {
        "0" : 0.000000,
        "4" : 99.999420,
        "8" : 0.000000,
        "16" : 0.000000,
        "32" : 0.100000,
        "64" : 0.000000,
        ">=64" : 0.000000
      },
      "latency_ns" : {
        "2" : 0.000000,
        "4" : 0.000000,
        "10" : 0.000000,
        "20" : 0.000000,
        "50" : 5.219519,
        "100" : 1.635086,
        "250" : 2.038059,
        "500" : 0.260918,
        "750" : 0.144375,
        "1000" : 0.022033
      },
      "latency_us" : {
        "2" : 0.027251,
        "4" : 0.011596,
        "10" : 0.010000,
        "20" : 0.013916,
        "50" : 0.010000,
        "100" : 0.010437,
        "250" : 0.020294,
        "500" : 0.033050,
        "750" : 0.018554,
        "1000" : 0.000000
      },
      "latency_ms" : {
        "2" : 0.010000,
        "4" : 0.430225,
        "10" : 89.829997,
        "20" : 0.293968,
        "50" : 0.000000,
        "100" : 0.000000,
        "250" : 0.000000,
        "500" : 0.000000,
        "750" : 0.000000,
        "1000" : 0.000000,
        "2000" : 0.000000,
        ">=2000" : 0.000000
      },
      "latency_depth" : 32,
      "latency_target" : 0,
      "latency_percentile" : 100.000000,
      "latency_window" : 0
    }
  ],
  "disk_util" : [
    {
      "name" : "nvme1n1",
      "read_ios" : 729086,
      "write_ios" : 0,
      "read_sectors" : 186645744,
      "write_sectors" : 0,
      "read_merges" : 0,
      "write_merges" : 0,
      "read_ticks" : 4396024,
      "write_ticks" : 0,
      "in_queue" : 4396023,
      "util" : 91.736503
    }
  ]
}
