{
  "fio version" : "fio-3.36",
  "timestamp" : 1759355258,
  "timestamp_ms" : 1759355258549,
  "time" : "Wed Oct  1 17:47:38 2025",
  "jobs" : [
    {
      "jobname" : "randread_bs1m",
      "groupid" : 0,
      "job_start" : 1759355228516,
      "error" : 0,
      "eta" : 0,
      "elapsed" : 36,
      "job options" : {
        "name" : "randread_bs1m",
        "rw" : "randread",
        "bs" : "1m",
        "filename" : "/mnt/ssdtest/fio_testfile",
        "ioengine" : "io_uring",
        "direct" : "1",
        "time_based" : "1",
        "ramp_time" : "5",
        "runtime" : "30",
        "group_reporting" : "1",
        "numjobs" : "1",
        "iodepth" : "32",
        "thread" : "1",
        "percentile_list" : "50:95:99:99.9",
        "offset_align" : "4k",
        "size" : "64G"
      },
      "read" : {
        "io_bytes" : 93583310848,
        "io_kbytes" : 91389952,
        "bw_bytes" : 3118092521,
        "bw" : 3045012,
        "iops" : 2972.578549,
        "runtime" : 30013,
        "total_ios" : 89216,
        "short_ios" : 0,
        "drop_ios" : 0,
        "slat_ns" : {
          "min" : 11472,
          "max" : 795750,
          "mean" : 60716.111268,
          "stddev" : 26744.779852,
          "N" : 89217
        },
        "clat_ns" : {
          "min" : 31,
          "max" : 43019265,
          "mean" : 10701661.342353,
          "stddev" : 4600094.041176,
          "N" : 89247,
          "percentile" : {
            "50.000000" : 10813440,
            "95.000000" : 18219008,
            "99.000000" : 24510464,
            "99.900000" : 30277632
          }
        },
        "lat_ns" : {
          "min" : 11511,
          "max" : 43096500,
          "mean" : 10762374.041380,
          "stddev" : 4591616.831032,
          "N" : 89247
        },
        "bw_min" : 2547712,
        "bw_max" : 3362816,
        "bw_agg" : 100.000000,
        "bw_mean" : 3046510.850000,
        "bw_dev" : 174490.666548,
        "bw_samples" : 60,
        "iops_min" : 2488,
        "iops_max" : 3284,
        "iops_mean" : 2975.000000,
        "iops_stddev" : 170.400824,
        "iops_samples" : 60
      },
      "write" : {
        "io_bytes" : 0,
        "io_kbytes" : 0,
        "bw_bytes" : 0,
        "bw" : 0,
        "iops" : 0.000000,
        "runtime" : 0,
        "total_ios" : 0,
        "short_ios" : 0,
        "drop_ios" : 0,
        "slat_ns" : {
          "min" : 0,
          "max" : 0,
          "mean" : 0.000000,
          "stddev" : 0.000000,
          "N" : 0
        },
        "clat_ns" : {
          "min" : 0,
          "max" : 0,
          "mean" : 0.000000,
          "stddev" : 0.000000,
          "N" : 0
        },
        "lat_ns" : {
          "min" : 0,
          "max" : 0,
          "mean" : 0.000000,
          "stddev" : 0.000000,
          "N" : 0
        },
        "bw_min" : 0,
        "bw_max" : 0,
        "bw_agg" : 0.000000,
        "bw_mean" : 0.000000,
        "bw_dev" : 0.000000,
        "bw_samples" : 0,
        "iops_min" : 0,
        "iops_max" : 0,
        "iops_mean" : 0.000000,
        "iops_stddev" : 0.000000,
        "iops_samples" : 0
      },
      "trim" : {
        "io_bytes" : 0,
        "io_kbytes" : 0,
        "bw_bytes" : 0,
        "bw" : 0,
        "iops" : 0.000000,
        "runtime" : 0,
        "total_ios" : 0,
        "short_ios" : 0,
        "drop_ios" : 0,
        "slat_ns" : {
          "min" : 0,
          "max" : 0,
          "mean" : 0.000000,
          "stddev" : 0.000000,
          "N" : 0
        },
        "clat_ns" : {
          "min" : 0,
          "max" : 0,
          "mean" : 0.000000,
          "stddev" : 0.000000,
          "N" : 0
        },
        "lat_ns" : {
          "min" : 0,
          "max" : 0,
          "mean" : 0.000000,
          "stddev" : 0.000000,
          "N" : 0
        },
        "bw_min" : 0,
        "bw_max" : 0,
        "bw_agg" : 0.000000,
        "bw_mean" : 0.000000,
        "bw_dev" : 0.000000,
        "bw_samples" : 0,
        "iops_min" : 0,
        "iops_max" : 0,
        "iops_mean" : 0.000000,
        "iops_stddev" : 0.000000,
        "iops_samples" : 0
      },
      "sync" : {
        "total_ios" : 0,
        "lat_ns" : {
          "min" : 0,
          "max" : 0,
          "mean" : 0.000000,
          "stddev" : 0.000000,
          "N" : 0
        }
      },
      "job_runtime" : 30012,
      "usr_cpu" : 0.159936,
      "sys_cpu" : 19.302279,
      "ctx" : 79745,
      "majf" : 0,
      "minf" : 0,
      "iodepth_level" : {
        "1" : 0.000000,
        "2" : 0.000000,
        "4" : 0.000000,
        "8" : 0.000000,
        "16" : 0.000000,
        "32" : 100.000000,
        ">=64" : 0.000000
      },
      "iodepth_submit" : {
        "0" : 0.000000,
        "4" : 100.000000,
        "8" : 0.000000,
        "16" : 0.000000,
        "32" : 0.000000,
        "64" : 0.000000,
        ">=64" : 0.000000
      },
      "iodepth_complete" : {
        "0" : 0.000000,
        "4" : 99.998879,
        "8" : 0.000000,
        "16" : 0.000000,
        "32" : 0.100000,
        "64" : 0.000000,
        ">=64" : 0.000000
      },
      "latency_ns" : {
        "2" : 0.000000,
        "4" : 0.000000,
        "10" : 0.000000,
        "20" : 0.000000,
        "50" : 4.171897,
        "100" : 3.108187,
        "250" : 1.422391,
        "500" : 0.301515,
        "750" : 0.147956,
        "1000" : 0.063890
      },
      "latency_us" : {
        "2" : 0.041472,
        "4" : 0.015692,
        "10" : 0.010000,
        "20" : 0.010000,
        "50" : 0.010000,
        "100" : 0.028022,
        "250" : 0.010000,
        "500" : 0.000000,
        "750" : 0.000000,
        "1000" : 0.000000
      },
      "latency_ms" : {
        "2" : 0.000000,
        "4" : 0.234263,
        "10" : 6.005649,
        "20" : 80.690683,
        "50" : 3.784075,
        "100" : 0.000000,
        "250" : 0.000000,
        "500" : 0.000000,
        "750" : 0.000000,
        "1000" : 0.000000,
        "2000" : 0.000000,
        ">=2000" : 0.000000
      },
      "latency_depth" : 32,
      "latency_target" : 0,
      "latency_percentile" : 100.000000,
      "latency_window" : 0
    }
  ],
  "disk_util" : [
    {
      "name" : "nvme1n1",
      "read_ios" : 753333,
      "write_ios" : 0,
      "read_sectors" : 192852976,
      "write_sectors" : 0,
      "read_merges" : 0,
      "write_merges" : 0,
      "read_ticks" : 8760048,
      "write_ticks" : 0,
      "in_queue" : 8760047,
      "util" : 87.188622
    }
  ]
}
