{
  "fio version" : "fio-3.36",
  "timestamp" : 1759356387,
  "timestamp_ms" : 1759356387461,
  "time" : "Wed Oct  1 18:06:27 2025",
  "jobs" : [
    {
      "jobname" : "read_bs1m",
      "groupid" : 0,
      "job_start" : 1759356357434,
      "error" : 0,
      "eta" : 0,
      "elapsed" : 36,
      "job options" : {
        "name" : "read_bs1m",
        "rw" : "read",
        "bs" : "1m",
        "filename" : "/mnt/ssdtest/fio_testfile",
        "ioengine" : "io_uring",
        "direct" : "1",
        "time_based" : "1",
        "ramp_time" : "5",
        "runtime" : "30",
        "group_reporting" : "1",
        "numjobs" : "1",
        "iodepth" : "32",
        "thread" : "1",
        "percentile_list" : "50:95:99:99.9",
        "size" : "64G"
      },
      "read" : {
        "io_bytes" : 87186997248,
        "io_kbytes" : 85143552,
        "bw_bytes" : 2905264819,
        "bw" : 2837172,
        "iops" : 2769.610130,
        "runtime" : 30010,
        "total_ios" : 83116,
        "short_ios" : 0,
        "drop_ios" : 0,
        "slat_ns" : {
          "min" : 12035,
          "max" : 1853099,
          "mean" : 56421.651600,
          "stddev" : 19976.916400,
          "N" : 83117
        },
        "clat_ns" : {
          "min" : 30,
          "max" : 48552046,
          "mean" : 11494122.187632,
          "stddev" : 5767567.747680,
          "N" : 83147,
          "percentile" : {
            "50.000000" : 9502720,
            "95.000000" : 22937600,
            "99.000000" : 29491200,
            "99.900000" : 35913728
          }
        },
        "lat_ns" : {
          "min" : 12069,
          "max" : 48648338,
          "mean" : 11550542.614863,
          "stddev" : 5772320.024468,
          "N" : 83147
        },
        "bw_min" : 1918976,
        "bw_max" : 11389178,
        "bw_agg" : 100.000000,
        "bw_mean" : 2838162.916667,
        "bw_dev" : 1259001.057108,
        "bw_samples" : 60,
        "iops_min" : 1874,
        "iops_max" : 11122,
        "iops_mean" : 2771.583333,
        "iops_stddev" : 1229.472249,
        "iops_samples" : 60
      },
      "write" : {
        "io_bytes" : 0,
        "io_kbytes" : 0,
        "bw_bytes" : 0,
        "bw" : 0,
        "iops" : 0.000000,
        "runtime" : 0,
        "total_ios" : 0,
        "short_ios" : 0,
        "drop_ios" : 0,
        "slat_ns" : {
          "min" : 0,
          "max" : 0,
          "mean" : 0.000000,
          "stddev" : 0.000000,
          "N" : 0
        },
        "clat_ns" : {
          "min" : 0,
          "max" : 0,
          "mean" : 0.000000,
          "stddev" : 0.000000,
          "N" : 0
        },
        "lat_ns" : {
          "min" : 0,
          "max" : 0,
          "mean" : 0.000000,
          "stddev" : 0.000000,
          "N" : 0
        },
        "bw_min" : 0,
        "bw_max" : 0,
        "bw_agg" : 0.000000,
        "bw_mean" : 0.000000,
        "bw_dev" : 0.000000,
        "bw_samples" : 0,
        "iops_min" : 0,
        "iops_max" : 0,
        "iops_mean" : 0.000000,
        "iops_stddev" : 0.000000,
        "iops_samples" : 0
      },
      "trim" : {
        "io_bytes" : 0,
        "io_kbytes" : 0,
        "bw_bytes" : 0,
        "bw" : 0,
        "iops" : 0.000000,
        "runtime" : 0,
        "total_ios" : 0,
        "short_ios" : 0,
        "drop_ios" : 0,
        "slat_ns" : {
          "min" : 0,
          "max" : 0,
          "mean" : 0.000000,
          "stddev" : 0.000000,
          "N" : 0
        },
        "clat_ns" : {
          "min" : 0,
          "max" : 0,
          "mean" : 0.000000,
          "stddev" : 0.000000,
          "N" : 0
        },
        "lat_ns" : {
          "min" : 0,
          "max" : 0,
          "mean" : 0.000000,
          "stddev" : 0.000000,
          "N" : 0
        },
        "bw_min" : 0,
        "bw_max" : 0,
        "bw_agg" : 0.000000,
        "bw_mean" : 0.000000,
        "bw_dev" : 0.000000,
        "bw_samples" : 0,
        "iops_min" : 0,
        "iops_max" : 0,
        "iops_mean" : 0.000000,
        "iops_stddev" : 0.000000,
        "iops_samples" : 0
      },
      "sync" : {
        "total_ios" : 0,
        "lat_ns" : {
          "min" : 0,
          "max" : 0,
          "mean" : 0.000000,
          "stddev" : 0.000000,
          "N" : 0
        }
      },
      "job_runtime" : 30009,
      "usr_cpu" : 0.206605,
      "sys_cpu" : 16.778300,
      "ctx" : 76074,
      "majf" : 0,
      "minf" : 0,
      "iodepth_level" : {
        "1" : 0.000000,
        "2" : 0.000000,
        "4" : 0.000000,
        "8" : 0.000000,
        "16" : 0.000000,
        "32" : 100.000000,
        ">=64" : 0.000000
      },
      "iodepth_submit" : {
        "0" : 0.000000,
        "4" : 100.000000,
        "8" : 0.000000,
        "16" : 0.000000,
        "32" : 0.000000,
        "64" : 0.000000,
        ">=64" : 0.000000
      },
      "iodepth_complete" : {
        "0" : 0.000000,
        "4" : 99.998797,
        "8" : 0.000000,
        "16" : 0.000000,
        "32" : 0.100000,
        "64" : 0.000000,
        ">=64" : 0.000000
      },
      "latency_ns" : {
        "2" : 0.000000,
        "4" : 0.000000,
        "10" : 0.000000,
        "20" : 0.000000,
        "50" : 0.062563,
        "100" : 0.012031,
        "250" : 0.000000,
        "500" : 0.000000,
        "750" : 0.000000,
        "1000" : 0.000000
      },
      "latency_us" : {
        "2" : 0.000000,
        "4" : 0.000000,
        "10" : 0.000000,
        "20" : 0.015641,
        "50" : 0.040907,
        "100" : 0.010828,
        "250" : 0.049329,
        "500" : 0.081813,
        "750" : 0.048126,
        "1000" : 3.071611
      },
      "latency_ms" : {
        "2" : 3.827181,
        "4" : 0.834978,
        "10" : 52.478464,
        "20" : 32.033543,
        "50" : 7.470282,
        "100" : 0.000000,
        "250" : 0.000000,
        "500" : 0.000000,
        "750" : 0.000000,
        "1000" : 0.000000,
        "2000" : 0.000000,
        ">=2000" : 0.000000
      },
      "latency_depth" : 32,
      "latency_target" : 0,
      "latency_percentile" : 100.000000,
      "latency_window" : 0
    }
  ],
  "disk_util" : [
    {
      "name" : "nvme1n1",
      "read_ios" : 737592,
      "write_ios" : 0,
      "read_sectors" : 188823416,
      "write_sectors" : 0,
      "read_merges" : 0,
      "write_merges" : 0,
      "read_ticks" : 8694481,
      "write_ticks" : 0,
      "in_queue" : 8694481,
      "util" : 87.403460
    }
  ]
}
