{
  "fio version" : "fio-3.36",
  "timestamp" : 1759355893,
  "timestamp_ms" : 1759355893553,
  "time" : "Wed Oct  1 17:58:13 2025",
  "jobs" : [
    {
      "jobname" : "read_bs16k",
      "groupid" : 0,
      "job_start" : 1759355863542,
      "error" : 0,
      "eta" : 0,
      "elapsed" : 36,
      "job options" : {
        "name" : "read_bs16k",
        "rw" : "read",
        "bs" : "16k",
        "filename" : "/mnt/ssdtest/fio_testfile",
        "ioengine" : "io_uring",
        "direct" : "1",
        "time_based" : "1",
        "ramp_time" : "5",
        "runtime" : "30",
        "group_reporting" : "1",
        "numjobs" : "1",
        "iodepth" : "32",
        "thread" : "1",
        "percentile_list" : "50:95:99:99.9",
        "size" : "64G"
      },
      "read" : {
        "io_bytes" : 66352955392,
        "io_kbytes" : 64797808,
        "bw_bytes" : 2211691456,
        "bw" : 2159854,
        "iops" : 134989.900337,
        "runtime" : 30001,
        "total_ios" : 4049832,
        "short_ios" : 0,
        "drop_ios" : 0,
        "slat_ns" : {
          "min" : 421,
          "max" : 152921,
          "mean" : 1630.830440,
          "stddev" : 790.569387,
          "N" : 4049832
        },
        "clat_ns" : {
          "min" : 4166,
          "max" : 6668150,
          "mean" : 235300.526836,
          "stddev" : 147206.963924,
          "N" : 4049863,
          "percentile" : {
            "50.000000" : 185344,
            "95.000000" : 477184,
            "99.000000" : 561152,
            "99.900000" : 741376
          }
        },
        "lat_ns" : {
          "min" : 5899,
          "max" : 6669949,
          "mean" : 236931.356925,
          "stddev" : 147272.795291,
          "N" : 4049863
        },
        "bw_min" : 1807584,
        "bw_max" : 9680993,
        "bw_agg" : 100.000000,
        "bw_mean" : 2161087.383333,
        "bw_dev" : 1117576.525668,
        "bw_samples" : 60,
        "iops_min" : 112974,
        "iops_max" : 605060,
        "iops_mean" : 135067.833333,
        "iops_stddev" : 69848.434338,
        "iops_samples" : 60
      },
      "write" : {
        "io_bytes" : 0,
        "io_kbytes" : 0,
        "bw_bytes" : 0,
        "bw" : 0,
        "iops" : 0.000000,
        "runtime" : 0,
        "total_ios" : 0,
        "short_ios" : 0,
        "drop_ios" : 0,
        "slat_ns" : {
          "min" : 0,
          "max" : 0,
          "mean" : 0.000000,
          "stddev" : 0.000000,
          "N" : 0
        },
        "clat_ns" : {
          "min" : 0,
          "max" : 0,
          "mean" : 0.000000,
          "stddev" : 0.000000,
          "N" : 0
        },
        "lat_ns" : {
          "min" : 0,
          "max" : 0,
          "mean" : 0.000000,
          "stddev" : 0.000000,
          "N" : 0
        },
        "bw_min" : 0,
        "bw_max" : 0,
        "bw_agg" : 0.000000,
        "bw_mean" : 0.000000,
        "bw_dev" : 0.000000,
        "bw_samples" : 0,
        "iops_min" : 0,
        "iops_max" : 0,
        "iops_mean" : 0.000000,
        "iops_stddev" : 0.000000,
        "iops_samples" : 0
      },
      "trim" : {
        "io_bytes" : 0,
        "io_kbytes" : 0,
        "bw_bytes" : 0,
        "bw" : 0,
        "iops" : 0.000000,
        "runtime" : 0,
        "total_ios" : 0,
        "short_ios" : 0,
        "drop_ios" : 0,
        "slat_ns" : {
          "min" : 0,
          "max" : 0,
          "mean" : 0.000000,
          "stddev" : 0.000000,
          "N" : 0
        },
        "clat_ns" : {
          "min" : 0,
          "max" : 0,
          "mean" : 0.000000,
          "stddev" : 0.000000,
          "N" : 0
        },
        "lat_ns" : {
          "min" : 0,
          "max" : 0,
          "mean" : 0.000000,
          "stddev" : 0.000000,
          "N" : 0
        },
        "bw_min" : 0,
        "bw_max" : 0,
        "bw_agg" : 0.000000,
        "bw_mean" : 0.000000,
        "bw_dev" : 0.000000,
        "bw_samples" : 0,
        "iops_min" : 0,
        "iops_max" : 0,
        "iops_mean" : 0.000000,
        "iops_stddev" : 0.000000,
        "iops_samples" : 0
      },
      "sync" : {
        "total_ios" : 0,
        "lat_ns" : {
          "min" : 0,
          "max" : 0,
          "mean" : 0.000000,
          "stddev" : 0.000000,
          "N" : 0
        }
      },
      "job_runtime" : 30000,
      "usr_cpu" : 4.583333,
      "sys_cpu" : 31.136667,
      "ctx" : 2719808,
      "majf" : 0,
      "minf" : 0,
      "iodepth_level" : {
        "1" : 0.000000,
        "2" : 0.000000,
        "4" : 0.000000,
        "8" : 0.000000,
        "16" : 0.000000,
        "32" : 100.000000,
        ">=64" : 0.000000
      },
      "iodepth_submit" : {
        "0" : 0.000000,
        "4" : 100.000000,
        "8" : 0.000000,
        "16" : 0.000000,
        "32" : 0.000000,
        "64" : 0.000000,
        ">=64" : 0.000000
      },
      "iodepth_complete" : {
        "0" : 0.000000,
        "4" : 99.999975,
        "8" : 0.000000,
        "16" : 0.000000,
        "32" : 0.100000,
        "64" : 0.000000,
        ">=64" : 0.000000
      },
      "latency_ns" : {
        "2" : 0.000000,
        "4" : 0.000000,
        "10" : 0.000000,
        "20" : 0.000000,
        "50" : 0.000000,
        "100" : 0.000000,
        "250" : 0.000000,
        "500" : 0.000000,
        "750" : 0.000000,
        "1000" : 0.000000
      },
      "latency_us" : {
        "2" : 0.000000,
        "4" : 0.000000,
        "10" : 0.010000,
        "20" : 9.535902,
        "50" : 0.116696,
        "100" : 0.520540,
        "250" : 48.518753,
        "500" : 38.063159,
        "750" : 3.148797,
        "1000" : 0.088251
      },
      "latency_ms" : {
        "2" : 0.010000,
        "4" : 0.010000,
        "10" : 0.010000,
        "20" : 0.000000,
        "50" : 0.000000,
        "100" : 0.000000,
        "250" : 0.000000,
        "500" : 0.000000,
        "750" : 0.000000,
        "1000" : 0.000000,
        "2000" : 0.000000,
        ">=2000" : 0.000000
      },
      "latency_depth" : 32,
      "latency_target" : 0,
      "latency_percentile" : 100.000000,
      "latency_window" : 0
    }
  ],
  "disk_util" : [
    {
      "name" : "nvme1n1",
      "read_ios" : 4295232,
      "write_ios" : 0,
      "read_sectors" : 137447416,
      "write_sectors" : 0,
      "read_merges" : 0,
      "write_merges" : 0,
      "read_ticks" : 1099914,
      "write_ticks" : 0,
      "in_queue" : 1099914,
      "util" : 78.072001
    }
  ]
}
