{
  "fio version" : "fio-3.36",
  "timestamp" : 1759356175,
  "timestamp_ms" : 1759356175772,
  "time" : "Wed Oct  1 18:02:55 2025",
  "jobs" : [
    {
      "jobname" : "read_bs16k",
      "groupid" : 0,
      "job_start" : 1759356145756,
      "error" : 0,
      "eta" : 0,
      "elapsed" : 36,
      "job options" : {
        "name" : "read_bs16k",
        "rw" : "read",
        "bs" : "16k",
        "filename" : "/mnt/ssdtest/fio_testfile",
        "ioengine" : "io_uring",
        "direct" : "1",
        "time_based" : "1",
        "ramp_time" : "5",
        "runtime" : "30",
        "group_reporting" : "1",
        "numjobs" : "1",
        "iodepth" : "32",
        "thread" : "1",
        "percentile_list" : "50:95:99:99.9",
        "size" : "64G"
      },
      "read" : {
        "io_bytes" : 66282094592,
        "io_kbytes" : 64728608,
        "bw_bytes" : 2209329508,
        "bw" : 2157548,
        "iops" : 134845.738475,
        "runtime" : 30001,
        "total_ios" : 4045507,
        "short_ios" : 0,
        "drop_ios" : 0,
        "slat_ns" : {
          "min" : 428,
          "max" : 289593,
          "mean" : 1874.606667,
          "stddev" : 1357.287206,
          "N" : 4045507
        },
        "clat_ns" : {
          "min" : 45,
          "max" : 6672851,
          "mean" : 235292.108974,
          "stddev" : 146145.944577,
          "N" : 4045538,
          "percentile" : {
            "50.000000" : 189440,
            "95.000000" : 477184,
            "99.000000" : 569344,
            "99.900000" : 733184
          }
        },
        "lat_ns" : {
          "min" : 2863,
          "max" : 6693417,
          "mean" : 237166.716796,
          "stddev" : 146231.962413,
          "N" : 4045538
        },
        "bw_min" : 1809440,
        "bw_max" : 9547808,
        "bw_agg" : 100.000000,
        "bw_mean" : 2158421.400000,
        "bw_dev" : 1104347.905064,
        "bw_samples" : 60,
        "iops_min" : 113090,
        "iops_max" : 596736,
        "iops_mean" : 134901.266667,
        "iops_stddev" : 69021.646930,
        "iops_samples" : 60
      },
      "write" : {
        "io_bytes" : 0,
        "io_kbytes" : 0,
        "bw_bytes" : 0,
        "bw" : 0,
        "iops" : 0.000000,
        "runtime" : 0,
        "total_ios" : 0,
        "short_ios" : 0,
        "drop_ios" : 0,
        "slat_ns" : {
          "min" : 0,
          "max" : 0,
          "mean" : 0.000000,
          "stddev" : 0.000000,
          "N" : 0
        },
        "clat_ns" : {
          "min" : 0,
          "max" : 0,
          "mean" : 0.000000,
          "stddev" : 0.000000,
          "N" : 0
        },
        "lat_ns" : {
          "min" : 0,
          "max" : 0,
          "mean" : 0.000000,
          "stddev" : 0.000000,
          "N" : 0
        },
        "bw_min" : 0,
        "bw_max" : 0,
        "bw_agg" : 0.000000,
        "bw_mean" : 0.000000,
        "bw_dev" : 0.000000,
        "bw_samples" : 0,
        "iops_min" : 0,
        "iops_max" : 0,
        "iops_mean" : 0.000000,
        "iops_stddev" : 0.000000,
        "iops_samples" : 0
      },
      "trim" : {
        "io_bytes" : 0,
        "io_kbytes" : 0,
        "bw_bytes" : 0,
        "bw" : 0,
        "iops" : 0.000000,
        "runtime" : 0,
        "total_ios" : 0,
        "short_ios" : 0,
        "drop_ios" : 0,
        "slat_ns" : {
          "min" : 0,
          "max" : 0,
          "mean" : 0.000000,
          "stddev" : 0.000000,
          "N" : 0
        },
        "clat_ns" : {
          "min" : 0,
          "max" : 0,
          "mean" : 0.000000,
          "stddev" : 0.000000,
          "N" : 0
        },
        "lat_ns" : {
          "min" : 0,
          "max" : 0,
          "mean" : 0.000000,
          "stddev" : 0.000000,
          "N" : 0
        },
        "bw_min" : 0,
        "bw_max" : 0,
        "bw_agg" : 0.000000,
        "bw_mean" : 0.000000,
        "bw_dev" : 0.000000,
        "bw_samples" : 0,
        "iops_min" : 0,
        "iops_max" : 0,
        "iops_mean" : 0.000000,
        "iops_stddev" : 0.000000,
        "iops_samples" : 0
      },
      "sync" : {
        "total_ios" : 0,
        "lat_ns" : {
          "min" : 0,
          "max" : 0,
          "mean" : 0.000000,
          "stddev" : 0.000000,
          "N" : 0
        }
      },
      "job_runtime" : 30000,
      "usr_cpu" : 4.846667,
      "sys_cpu" : 34.083333,
      "ctx" : 2504765,
      "majf" : 0,
      "minf" : 0,
      "iodepth_level" : {
        "1" : 0.000000,
        "2" : 0.000000,
        "4" : 0.000000,
        "8" : 0.000000,
        "16" : 0.000000,
        "32" : 100.000000,
        ">=64" : 0.000000
      },
      "iodepth_submit" : {
        "0" : 0.000000,
        "4" : 100.000000,
        "8" : 0.000000,
        "16" : 0.000000,
        "32" : 0.000000,
        "64" : 0.000000,
        ">=64" : 0.000000
      },
      "iodepth_complete" : {
        "0" : 0.000000,
        "4" : 99.999975,
        "8" : 0.000000,
        "16" : 0.000000,
        "32" : 0.100000,
        "64" : 0.000000,
        ">=64" : 0.000000
      },
      "latency_ns" : {
        "2" : 0.000000,
        "4" : 0.000000,
        "10" : 0.000000,
        "20" : 0.000000,
        "50" : 0.010000,
        "100" : 0.000000,
        "250" : 0.000000,
        "500" : 0.000000,
        "750" : 0.000000,
        "1000" : 0.000000
      },
      "latency_us" : {
        "2" : 0.010000,
        "4" : 0.000000,
        "10" : 0.010000,
        "20" : 9.053105,
        "50" : 0.607736,
        "100" : 0.630304,
        "250" : 48.786963,
        "500" : 37.596400,
        "750" : 3.236133,
        "1000" : 0.082882
      },
      "latency_ms" : {
        "2" : 0.010000,
        "4" : 0.010000,
        "10" : 0.010000,
        "20" : 0.000000,
        "50" : 0.000000,
        "100" : 0.000000,
        "250" : 0.000000,
        "500" : 0.000000,
        "750" : 0.000000,
        "1000" : 0.000000,
        "2000" : 0.000000,
        ">=2000" : 0.000000
      },
      "latency_depth" : 32,
      "latency_target" : 0,
      "latency_percentile" : 100.000000,
      "latency_window" : 0
    }
  ],
  "disk_util" : [
    {
      "name" : "nvme1n1",
      "read_ios" : 4291990,
      "write_ios" : 0,
      "read_sectors" : 137343672,
      "write_sectors" : 0,
      "read_merges" : 0,
      "write_merges" : 0,
      "read_ticks" : 1090759,
      "write_ticks" : 0,
      "in_queue" : 1090759,
      "util" : 80.088357
    }
  ]
}
