{
  "fio version" : "fio-3.36",
  "timestamp" : 1759356105,
  "timestamp_ms" : 1759356105225,
  "time" : "Wed Oct  1 18:01:45 2025",
  "jobs" : [
    {
      "jobname" : "read_bs1m",
      "groupid" : 0,
      "job_start" : 1759356075199,
      "error" : 0,
      "eta" : 0,
      "elapsed" : 36,
      "job options" : {
        "name" : "read_bs1m",
        "rw" : "read",
        "bs" : "1m",
        "filename" : "/mnt/ssdtest/fio_testfile",
        "ioengine" : "io_uring",
        "direct" : "1",
        "time_based" : "1",
        "ramp_time" : "5",
        "runtime" : "30",
        "group_reporting" : "1",
        "numjobs" : "1",
        "iodepth" : "32",
        "thread" : "1",
        "percentile_list" : "50:95:99:99.9",
        "size" : "64G"
      },
      "read" : {
        "io_bytes" : 87497375744,
        "io_kbytes" : 85446656,
        "bw_bytes" : 2915121630,
        "bw" : 2846798,
        "iops" : 2779.043811,
        "runtime" : 30015,
        "total_ios" : 83413,
        "short_ios" : 0,
        "drop_ios" : 0,
        "slat_ns" : {
          "min" : 12029,
          "max" : 471604,
          "mean" : 45252.443588,
          "stddev" : 23749.712186,
          "N" : 83413
        },
        "clat_ns" : {
          "min" : 34,
          "max" : 42995539,
          "mean" : 11466294.942476,
          "stddev" : 5782448.159136,
          "N" : 83444,
          "percentile" : {
            "50.000000" : 9502720,
            "95.000000" : 22937600,
            "99.000000" : 29491200,
            "99.900000" : 35389440
          }
        },
        "lat_ns" : {
          "min" : 12069,
          "max" : 43068017,
          "mean" : 11511545.387302,
          "stddev" : 5786209.320956,
          "N" : 83444
        },
        "bw_min" : 1941504,
        "bw_max" : 14684160,
        "bw_agg" : 100.000000,
        "bw_mean" : 2848081.066667,
        "bw_dev" : 1593899.374543,
        "bw_samples" : 60,
        "iops_min" : 1896,
        "iops_max" : 14340,
        "iops_mean" : 2781.216667,
        "iops_stddev" : 1556.547876,
        "iops_samples" : 60
      },
      "write" : {
        "io_bytes" : 0,
        "io_kbytes" : 0,
        "bw_bytes" : 0,
        "bw" : 0,
        "iops" : 0.000000,
        "runtime" : 0,
        "total_ios" : 0,
        "short_ios" : 0,
        "drop_ios" : 0,
        "slat_ns" : {
          "min" : 0,
          "max" : 0,
          "mean" : 0.000000,
          "stddev" : 0.000000,
          "N" : 0
        },
        "clat_ns" : {
          "min" : 0,
          "max" : 0,
          "mean" : 0.000000,
          "stddev" : 0.000000,
          "N" : 0
        },
        "lat_ns" : {
          "min" : 0,
          "max" : 0,
          "mean" : 0.000000,
          "stddev" : 0.000000,
          "N" : 0
        },
        "bw_min" : 0,
        "bw_max" : 0,
        "bw_agg" : 0.000000,
        "bw_mean" : 0.000000,
        "bw_dev" : 0.000000,
        "bw_samples" : 0,
        "iops_min" : 0,
        "iops_max" : 0,
        "iops_mean" : 0.000000,
        "iops_stddev" : 0.000000,
        "iops_samples" : 0
      },
      "trim" : {
        "io_bytes" : 0,
        "io_kbytes" : 0,
        "bw_bytes" : 0,
        "bw" : 0,
        "iops" : 0.000000,
        "runtime" : 0,
        "total_ios" : 0,
        "short_ios" : 0,
        "drop_ios" : 0,
        "slat_ns" : {
          "min" : 0,
          "max" : 0,
          "mean" : 0.000000,
          "stddev" : 0.000000,
          "N" : 0
        },
        "clat_ns" : {
          "min" : 0,
          "max" : 0,
          "mean" : 0.000000,
          "stddev" : 0.000000,
          "N" : 0
        },
        "lat_ns" : {
          "min" : 0,
          "max" : 0,
          "mean" : 0.000000,
          "stddev" : 0.000000,
          "N" : 0
        },
        "bw_min" : 0,
        "bw_max" : 0,
        "bw_agg" : 0.000000,
        "bw_mean" : 0.000000,
        "bw_dev" : 0.000000,
        "bw_samples" : 0,
        "iops_min" : 0,
        "iops_max" : 0,
        "iops_mean" : 0.000000,
        "iops_stddev" : 0.000000,
        "iops_samples" : 0
      },
      "sync" : {
        "total_ios" : 0,
        "lat_ns" : {
          "min" : 0,
          "max" : 0,
          "mean" : 0.000000,
          "stddev" : 0.000000,
          "N" : 0
        }
      },
      "job_runtime" : 30014,
      "usr_cpu" : 0.216566,
      "sys_cpu" : 13.776904,
      "ctx" : 76498,
      "majf" : 0,
      "minf" : 0,
      "iodepth_level" : {
        "1" : 0.000000,
        "2" : 0.000000,
        "4" : 0.000000,
        "8" : 0.000000,
        "16" : 0.000000,
        "32" : 100.000000,
        ">=64" : 0.000000
      },
      "iodepth_submit" : {
        "0" : 0.000000,
        "4" : 100.000000,
        "8" : 0.000000,
        "16" : 0.000000,
        "32" : 0.000000,
        "64" : 0.000000,
        ">=64" : 0.000000
      },
      "iodepth_complete" : {
        "0" : 0.000000,
        "4" : 99.998801,
        "8" : 0.000000,
        "16" : 0.000000,
        "32" : 0.100000,
        "64" : 0.000000,
        ">=64" : 0.000000
      },
      "latency_ns" : {
        "2" : 0.000000,
        "4" : 0.000000,
        "10" : 0.000000,
        "20" : 0.000000,
        "50" : 0.026375,
        "100" : 0.013187,
        "250" : 0.010000,
        "500" : 0.010000,
        "750" : 0.010000,
        "1000" : 0.000000
      },
      "latency_us" : {
        "2" : 0.000000,
        "4" : 0.000000,
        "10" : 0.000000,
        "20" : 0.035966,
        "50" : 0.025176,
        "100" : 0.057545,
        "250" : 0.146260,
        "500" : 0.249362,
        "750" : 0.147459,
        "1000" : 5.678971
      },
      "latency_ms" : {
        "2" : 0.933907,
        "4" : 0.475945,
        "10" : 54.526273,
        "20" : 29.964154,
        "50" : 7.752988,
        "100" : 0.000000,
        "250" : 0.000000,
        "500" : 0.000000,
        "750" : 0.000000,
        "1000" : 0.000000,
        "2000" : 0.000000,
        ">=2000" : 0.000000
      },
      "latency_depth" : 32,
      "latency_target" : 0,
      "latency_percentile" : 100.000000,
      "latency_window" : 0
    }
  ],
  "disk_util" : [
    {
      "name" : "nvme1n1",
      "read_ios" : 742773,
      "write_ios" : 0,
      "read_sectors" : 190149752,
      "write_sectors" : 0,
      "read_merges" : 0,
      "write_merges" : 0,
      "read_ticks" : 8709848,
      "write_ticks" : 0,
      "in_queue" : 8709847,
      "util" : 89.520036
    }
  ]
}
